"","i","test","test.number","avg.pval","avg.stat","flag"
"1",0,"Chi-Square Test for Benford Distribution","t1",0,4113.29984546792,0
"2",0,"Euclidean Distance Test for Benford Distribution","t2",0,25.2625909453051,0
"3",0,"Joint Digits Test","t3",0,4113.29984546793,0
"4",0,"JP-Square Correlation Statistic Test for Benford Distribution","t4",0,0.10936841477625,0
"5",0,"K-S Test for Benford Distribution","t5",0,21.6909254719662,0
"6",0,"Chebyshev Distance Test for Benford Distribution","t6",0,19.7037995663981,0
"7",0,"Freedman-Watson U-squared Test for Benford Distribution","t7",0,111.902701128131,0
"8",0,"Judge-Schechter Normed Deviation Test for Benford Distribution","t8",0,0.0726460876998576,0
"9",0,"Mantissa Arc Test","t9",0,0.198351208467711,0
"10",0,"Mean Absolute Deviation","t10",NA,0.0631984921567568,0
"11",0,"Distortion Factor","t11",NA,2.96639208552302,1
"12",0.01,"Chi-Square Test for Benford Distribution","t1",0,4010.94831341199,0
"13",0.01,"Euclidean Distance Test for Benford Distribution","t2",0,24.9605990852003,0
"14",0.01,"Joint Digits Test","t3",0,4010.948313412,0
"15",0.01,"JP-Square Correlation Statistic Test for Benford Distribution","t4",0,0.117820899813678,0
"16",0.01,"K-S Test for Benford Distribution","t5",0,21.3351254719662,0
"17",0.01,"Chebyshev Distance Test for Benford Distribution","t6",0,19.5019995663981,0
"18",0.01,"Freedman-Watson U-squared Test for Benford Distribution","t7",0,109.106140146889,0
"19",0.01,"Judge-Schechter Normed Deviation Test for Benford Distribution","t8",0,0.0713550254805591,0
"20",0.01,"Mantissa Arc Test","t9",0,0.193715417887668,0
"21",0.01,"Mean Absolute Deviation","t10",NA,0.0621473810456457,0
"22",0.01,"Distortion Factor","t11",NA,2.91245460128066,1
"23",0.02,"Chi-Square Test for Benford Distribution","t1",0,3952.11062390513,0
"24",0.02,"Euclidean Distance Test for Benford Distribution","t2",0,24.7921001881551,0
"25",0.02,"Joint Digits Test","t3",0,3952.11062390514,0
"26",0.02,"JP-Square Correlation Statistic Test for Benford Distribution","t4",0,0.122183051373022,0
"27",0.02,"K-S Test for Benford Distribution","t5",0,21.2549254719662,0
"28",0.02,"Chebyshev Distance Test for Benford Distribution","t6",0,19.3707995663981,0
"29",0.02,"Freedman-Watson U-squared Test for Benford Distribution","t7",0,107.549597541959,0
"30",0.02,"Judge-Schechter Normed Deviation Test for Benford Distribution","t8",0,0.0715240974346048,0
"31",0.02,"Mantissa Arc Test","t9",0,0.190559336083381,0
"32",0.02,"Mean Absolute Deviation","t10",NA,0.0618384921567568,0
"33",0.02,"Distortion Factor","t11",NA,2.99954458633573,1
"34",0.03,"Chi-Square Test for Benford Distribution","t1",0,3857.85871557732,0
"35",0.03,"Euclidean Distance Test for Benford Distribution","t2",0,24.4648012443989,0
"36",0.03,"Joint Digits Test","t3",0,3857.85871557733,0
"37",0.03,"JP-Square Correlation Statistic Test for Benford Distribution","t4",0,0.132494136492544,0
"38",0.03,"K-S Test for Benford Distribution","t5",0,20.9817254719662,0
"39",0.03,"Chebyshev Distance Test for Benford Distribution","t6",0,19.0777995663981,0
"40",0.03,"Freedman-Watson U-squared Test for Benford Distribution","t7",0,104.885494537762,0
"41",0.03,"Judge-Schechter Normed Deviation Test for Benford Distribution","t8",0,0.0700805107291033,0
"42",0.03,"Mantissa Arc Test","t9",0,0.185787128323758,0
"43",0.03,"Mean Absolute Deviation","t10",NA,0.0611016032678679,0
"44",0.03,"Distortion Factor","t11",NA,2.87352685158919,1
"45",0.04,"Chi-Square Test for Benford Distribution","t1",0,3750.49592356638,0
"46",0.04,"Euclidean Distance Test for Benford Distribution","t2",0,24.162712655564,0
"47",0.04,"Joint Digits Test","t3",0,3750.49592356639,0
"48",0.04,"JP-Square Correlation Statistic Test for Benford Distribution","t4",0,0.141278837281203,0
"49",0.04,"K-S Test for Benford Distribution","t5",0,20.7491254719662,0
"50",0.04,"Chebyshev Distance Test for Benford Distribution","t6",0,18.8703995663981,0
"51",0.04,"Freedman-Watson U-squared Test for Benford Distribution","t7",0,102.107284125137,0
"52",0.04,"Judge-Schechter Normed Deviation Test for Benford Distribution","t8",0,0.0697621518369107,0
"53",0.04,"Mantissa Arc Test","t9",0,0.181729812693515,0
"54",0.04,"Mean Absolute Deviation","t10",NA,0.0602691588234235,0
"55",0.04,"Distortion Factor","t11",NA,2.83464195268146,1
"56",0.05,"Chi-Square Test for Benford Distribution","t1",0,3697.54631505218,0
"57",0.05,"Euclidean Distance Test for Benford Distribution","t2",0,23.9890439252185,0
"58",0.05,"Joint Digits Test","t3",0,3697.54631505218,0
"59",0.05,"JP-Square Correlation Statistic Test for Benford Distribution","t4",0,0.146811777533687,0
"60",0.05,"K-S Test for Benford Distribution","t5",0,20.5421254719662,0
"61",0.05,"Chebyshev Distance Test for Benford Distribution","t6",0,18.7583995663981,0
"62",0.05,"Freedman-Watson U-squared Test for Benford Distribution","t7",0,100.641684645794,0
"63",0.05,"Judge-Schechter Normed Deviation Test for Benford Distribution","t8",0,0.0691542122574695,0
"64",0.05,"Mantissa Arc Test","t9",0,0.178674589408487,0
"65",0.05,"Mean Absolute Deviation","t10",NA,0.0597678254900901,0
"66",0.05,"Distortion Factor","t11",NA,2.82950995791089,1
"67",0.06,"Chi-Square Test for Benford Distribution","t1",0,3620.98638415905,0
"68",0.06,"Euclidean Distance Test for Benford Distribution","t2",0,23.7490637721983,0
"69",0.06,"Joint Digits Test","t3",0,3620.98638415906,0
"70",0.06,"JP-Square Correlation Statistic Test for Benford Distribution","t4",0,0.154894540749551,0
"71",0.06,"K-S Test for Benford Distribution","t5",0,20.2695254719662,0
"72",0.06,"Chebyshev Distance Test for Benford Distribution","t6",0,18.5911995663981,0
"73",0.06,"Freedman-Watson U-squared Test for Benford Distribution","t7",0,98.5561341300555,0
"74",0.06,"Judge-Schechter Normed Deviation Test for Benford Distribution","t8",0,0.0682448209812402,0
"75",0.06,"Mantissa Arc Test","t9",0,0.174848870126156,0
"76",0.06,"Mean Absolute Deviation","t10",NA,0.0590122699345346,0
"77",0.06,"Distortion Factor","t11",NA,2.82635284632251,1
"78",0.07,"Chi-Square Test for Benford Distribution","t1",0,3528.27439954934,0
"79",0.07,"Euclidean Distance Test for Benford Distribution","t2",0,23.422715435614,0
"80",0.07,"Joint Digits Test","t3",0,3528.27439954935,0
"81",0.07,"JP-Square Correlation Statistic Test for Benford Distribution","t4",0,0.167363662850002,0
"82",0.07,"K-S Test for Benford Distribution","t5",0,19.9581254719662,0
"83",0.07,"Chebyshev Distance Test for Benford Distribution","t6",0,18.3079995663981,0
"84",0.07,"Freedman-Watson U-squared Test for Benford Distribution","t7",0,95.8643649164356,0
"85",0.07,"Judge-Schechter Normed Deviation Test for Benford Distribution","t8",0,0.0663530137337364,0
"86",0.07,"Mantissa Arc Test","t9",0,0.170588978521605,0
"87",0.07,"Mean Absolute Deviation","t10",NA,0.0583091588234235,0
"88",0.07,"Distortion Factor","t11",NA,2.70462025648211,1
"89",0.08,"Chi-Square Test for Benford Distribution","t1",0,3480.34249611335,0
"90",0.08,"Euclidean Distance Test for Benford Distribution","t2",0,23.2266920110132,0
"91",0.08,"Joint Digits Test","t3",0,3480.34249611335,0
"92",0.08,"JP-Square Correlation Statistic Test for Benford Distribution","t4",0,0.173518876284636,0
"93",0.08,"K-S Test for Benford Distribution","t5",0,19.8959254719662,0
"94",0.08,"Chebyshev Distance Test for Benford Distribution","t6",0,18.1245995663981,0
"95",0.08,"Freedman-Watson U-squared Test for Benford Distribution","t7",0,94.6646641566296,0
"96",0.08,"Judge-Schechter Normed Deviation Test for Benford Distribution","t8",0,0.0665717280913105,0
"97",0.08,"Mantissa Arc Test","t9",0,0.167808617733224,0
"98",0.08,"Mean Absolute Deviation","t10",NA,0.058020714378979,0
"99",0.08,"Distortion Factor","t11",NA,2.83149861939067,1
"100",0.09,"Chi-Square Test for Benford Distribution","t1",0,3370.49264324341,0
"101",0.09,"Euclidean Distance Test for Benford Distribution","t2",0,22.8662056507706,0
"102",0.09,"Joint Digits Test","t3",0,3370.49264324342,0
"103",0.09,"JP-Square Correlation Statistic Test for Benford Distribution","t4",0,0.186482753168984,0
"104",0.09,"K-S Test for Benford Distribution","t5",0,19.5757254719662,0
"105",0.09,"Chebyshev Distance Test for Benford Distribution","t6",0,17.8611995663981,0
"106",0.09,"Freedman-Watson U-squared Test for Benford Distribution","t7",0,91.7004346749508,0
"107",0.09,"Judge-Schechter Normed Deviation Test for Benford Distribution","t8",0,0.0656871580168455,0
"108",0.09,"Mantissa Arc Test","t9",0,0.162129110006217,0
"109",0.09,"Mean Absolute Deviation","t10",NA,0.0571042699345346,0
"110",0.09,"Distortion Factor","t11",NA,2.65592204205854,1
"111",0.1,"Chi-Square Test for Benford Distribution","t1",0,3306.33104680792,0
"112",0.1,"Euclidean Distance Test for Benford Distribution","t2",0,22.6577772847056,0
"113",0.1,"Joint Digits Test","t3",0,3306.33104680793,0
"114",0.1,"JP-Square Correlation Statistic Test for Benford Distribution","t4",0,0.194934411268482,0
"115",0.1,"K-S Test for Benford Distribution","t5",0,19.4173254719662,0
"116",0.1,"Chebyshev Distance Test for Benford Distribution","t6",0,17.6743995663981,0
"117",0.1,"Freedman-Watson U-squared Test for Benford Distribution","t7",0,89.8291434616232,0
"118",0.1,"Judge-Schechter Normed Deviation Test for Benford Distribution","t8",0,0.0649248953133922,0
"119",0.1,"Mantissa Arc Test","t9",0,0.15942662375943,0
"120",0.1,"Mean Absolute Deviation","t10",NA,0.0565749366012012,0
"121",0.1,"Distortion Factor","t11",NA,2.59667631105132,1
"122",0.11,"Chi-Square Test for Benford Distribution","t1",0,3242.84981684328,0
"123",0.11,"Euclidean Distance Test for Benford Distribution","t2",0,22.418173736044,0
"124",0.11,"Joint Digits Test","t3",0,3242.84981684329,0
"125",0.11,"JP-Square Correlation Statistic Test for Benford Distribution","t4",0,0.204177397147999,0
"126",0.11,"K-S Test for Benford Distribution","t5",0,19.1999254719662,0
"127",0.11,"Chebyshev Distance Test for Benford Distribution","t6",0,17.4899995663981,0
"128",0.11,"Freedman-Watson U-squared Test for Benford Distribution","t7",0,88.1702987751363,0
"129",0.11,"Judge-Schechter Normed Deviation Test for Benford Distribution","t8",0,0.0643227113749398,0
"130",0.11,"Mantissa Arc Test","t9",0,0.156113343477867,0
"131",0.11,"Mean Absolute Deviation","t10",NA,0.0559211588234235,0
"132",0.11,"Distortion Factor","t11",NA,2.64585853952613,1
"133",0.12,"Chi-Square Test for Benford Distribution","t1",0,3170.73140453036,0
"134",0.12,"Euclidean Distance Test for Benford Distribution","t2",0,22.1971998739779,0
"135",0.12,"Joint Digits Test","t3",0,3170.73140453036,0
"136",0.12,"JP-Square Correlation Statistic Test for Benford Distribution","t4",0,0.212172534266397,0
"137",0.12,"K-S Test for Benford Distribution","t5",0,19.0241254719662,0
"138",0.12,"Chebyshev Distance Test for Benford Distribution","t6",0,17.3509995663981,0
"139",0.12,"Freedman-Watson U-squared Test for Benford Distribution","t7",0,86.3173025378943,0
"140",0.12,"Judge-Schechter Normed Deviation Test for Benford Distribution","t8",0,0.0642090374654112,0
"141",0.12,"Mantissa Arc Test","t9",0,0.153045803893567,0
"142",0.12,"Mean Absolute Deviation","t10",NA,0.0553393810456457,0
"143",0.12,"Distortion Factor","t11",NA,2.74995584893213,1
"144",0.13,"Chi-Square Test for Benford Distribution","t1",0,3114.70723245477,0
"145",0.13,"Euclidean Distance Test for Benford Distribution","t2",0,21.9929318038945,0
"146",0.13,"Joint Digits Test","t3",0,3114.70723245478,0
"147",0.13,"JP-Square Correlation Statistic Test for Benford Distribution","t4",0,0.222148674018262,0
"148",0.13,"K-S Test for Benford Distribution","t5",0,18.7511254719662,0
"149",0.13,"Chebyshev Distance Test for Benford Distribution","t6",0,17.1747995663981,0
"150",0.13,"Freedman-Watson U-squared Test for Benford Distribution","t7",0,84.5470240063629,0
"151",0.13,"Judge-Schechter Normed Deviation Test for Benford Distribution","t8",0,0.0622722642726824,0
"152",0.13,"Mantissa Arc Test","t9",0,0.150596461445355,0
"153",0.13,"Mean Absolute Deviation","t10",NA,0.0548313810456457,0
"154",0.13,"Distortion Factor","t11",NA,2.5076475554708,1
"155",0.14,"Chi-Square Test for Benford Distribution","t1",0,3039.44745101752,0
"156",0.14,"Euclidean Distance Test for Benford Distribution","t2",0,21.7089758272872,0
"157",0.14,"Joint Digits Test","t3",0,3039.44745101753,0
"158",0.14,"JP-Square Correlation Statistic Test for Benford Distribution","t4",0,0.233670342817396,0
"159",0.14,"K-S Test for Benford Distribution","t5",0,18.5493254719662,0
"160",0.14,"Chebyshev Distance Test for Benford Distribution","t6",0,16.9397995663981,0
"161",0.14,"Freedman-Watson U-squared Test for Benford Distribution","t7",0,82.5409304544711,0
"162",0.14,"Judge-Schechter Normed Deviation Test for Benford Distribution","t8",0,0.0618747653168939,0
"163",0.14,"Mantissa Arc Test","t9",0,0.146390168974654,0
"164",0.14,"Mean Absolute Deviation","t10",NA,0.0541509366012012,0
"165",0.14,"Distortion Factor","t11",NA,2.52949651733363,1
"166",0.15,"Chi-Square Test for Benford Distribution","t1",0,2928.42211566908,0
"167",0.15,"Euclidean Distance Test for Benford Distribution","t2",0,21.3737577139872,0
"168",0.15,"Joint Digits Test","t3",0,2928.42211566909,0
"169",0.15,"JP-Square Correlation Statistic Test for Benford Distribution","t4",0,0.247072997534808,0
"170",0.15,"K-S Test for Benford Distribution","t5",0,18.3019254719662,0
"171",0.15,"Chebyshev Distance Test for Benford Distribution","t6",0,16.7293995663981,0
"172",0.15,"Freedman-Watson U-squared Test for Benford Distribution","t7",0,79.7101705386371,0
"173",0.15,"Judge-Schechter Normed Deviation Test for Benford Distribution","t8",0,0.0618186478172532,0
"174",0.15,"Mantissa Arc Test","t9",0,0.142084300017638,0
"175",0.15,"Mean Absolute Deviation","t10",NA,0.0531821192947329,0
"176",0.15,"Distortion Factor","t11",NA,2.53399662388918,1
"177",0.16,"Chi-Square Test for Benford Distribution","t1",0,2875.29814721903,0
"178",0.16,"Euclidean Distance Test for Benford Distribution","t2",0,21.1122534531657,0
"179",0.16,"Joint Digits Test","t3",0,2875.29814721903,0
"180",0.16,"JP-Square Correlation Statistic Test for Benford Distribution","t4",0,0.260288959493573,0
"181",0.16,"K-S Test for Benford Distribution","t5",0,18.0399254719662,0
"182",0.16,"Chebyshev Distance Test for Benford Distribution","t6",0,16.4601995663981,0
"183",0.16,"Freedman-Watson U-squared Test for Benford Distribution","t7",0,78.0595021837596,0
"184",0.16,"Judge-Schechter Normed Deviation Test for Benford Distribution","t8",0,0.0598912275411312,0
"185",0.16,"Mantissa Arc Test","t9",0,0.13865538045176,0
"186",0.16,"Mean Absolute Deviation","t10",NA,0.0526851946146338,0
"187",0.16,"Distortion Factor","t11",NA,2.34044322885061,1
"188",0.17,"Chi-Square Test for Benford Distribution","t1",0,2841.97375760754,0
"189",0.17,"Euclidean Distance Test for Benford Distribution","t2",0,21.0540208131036,0
"190",0.17,"Joint Digits Test","t3",0,2841.97375760754,0
"191",0.17,"JP-Square Correlation Statistic Test for Benford Distribution","t4",0,0.26187287655642,0
"192",0.17,"K-S Test for Benford Distribution","t5",0,18.0367254719662,0
"193",0.17,"Chebyshev Distance Test for Benford Distribution","t6",0,16.4573995663981,0
"194",0.17,"Freedman-Watson U-squared Test for Benford Distribution","t7",0,77.2825274470541,0
"195",0.17,"Judge-Schechter Normed Deviation Test for Benford Distribution","t8",0,0.0606369427767417,0
"196",0.17,"Mantissa Arc Test","t9",0,0.137257722722084,0
"197",0.17,"Mean Absolute Deviation","t10",NA,0.0523589366012013,0
"198",0.17,"Distortion Factor","t11",NA,2.50444241879179,1
"199",0.18,"Chi-Square Test for Benford Distribution","t1",0,2772.69652111234,0
"200",0.18,"Euclidean Distance Test for Benford Distribution","t2",0,20.7303902091201,0
"201",0.18,"Joint Digits Test","t3",0,2772.69652111235,0
"202",0.18,"JP-Square Correlation Statistic Test for Benford Distribution","t4",0,0.277048261034925,0
"203",0.18,"K-S Test for Benford Distribution","t5",0,17.7865254719662,0
"204",0.18,"Chebyshev Distance Test for Benford Distribution","t6",0,16.1595995663981,0
"205",0.18,"Freedman-Watson U-squared Test for Benford Distribution","t7",0,75.3904301084524,0
"206",0.18,"Judge-Schechter Normed Deviation Test for Benford Distribution","t8",0,0.0594696268387022,0
"207",0.18,"Mantissa Arc Test","t9",0,0.13368809109487,0
"208",0.18,"Mean Absolute Deviation","t10",NA,0.0518104921567568,0
"209",0.18,"Distortion Factor","t11",NA,2.41997002304372,1
"210",0.19,"Chi-Square Test for Benford Distribution","t1",0,2695.73403656277,0
"211",0.19,"Euclidean Distance Test for Benford Distribution","t2",0,20.4635268873653,0
"212",0.19,"Joint Digits Test","t3",0,2695.73403656277,0
"213",0.19,"JP-Square Correlation Statistic Test for Benford Distribution","t4",0,0.289335763336185,0
"214",0.19,"K-S Test for Benford Distribution","t5",0,17.5389254719662,0
"215",0.19,"Chebyshev Distance Test for Benford Distribution","t6",0,15.9787995663981,0
"216",0.19,"Freedman-Watson U-squared Test for Benford Distribution","t7",0,73.3218619504197,0
"217",0.19,"Judge-Schechter Normed Deviation Test for Benford Distribution","t8",0,0.0589325535889355,0
"218",0.19,"Mantissa Arc Test","t9",0,0.130151577707087,0
"219",0.19,"Mean Absolute Deviation","t10",NA,0.0510580477123124,0
"220",0.19,"Distortion Factor","t11",NA,2.43343572993831,1
"221",0.2,"Chi-Square Test for Benford Distribution","t1",0,2636.72078847098,0
"222",0.2,"Euclidean Distance Test for Benford Distribution","t2",0,20.187456937972,0
"223",0.2,"Joint Digits Test","t3",0,2636.72078847098,0
"224",0.2,"JP-Square Correlation Statistic Test for Benford Distribution","t4",0,0.303086812756104,0
"225",0.2,"K-S Test for Benford Distribution","t5",0,17.3607254719662,0
"226",0.2,"Chebyshev Distance Test for Benford Distribution","t6",0,15.6919995663981,0
"227",0.2,"Freedman-Watson U-squared Test for Benford Distribution","t7",0,71.6042871767455,0
"228",0.2,"Judge-Schechter Normed Deviation Test for Benford Distribution","t8",0,0.0579375471529979,0
"229",0.2,"Mantissa Arc Test","t9",0,0.126767017379414,0
"230",0.2,"Mean Absolute Deviation","t10",NA,0.0504780477123124,0
"231",0.2,"Distortion Factor","t11",NA,2.44316131882732,1
"232",0.21,"Chi-Square Test for Benford Distribution","t1",0,2564.97019710112,0
"233",0.21,"Euclidean Distance Test for Benford Distribution","t2",0,19.9512101883828,0
"234",0.21,"Joint Digits Test","t3",0,2564.97019710113,0
"235",0.21,"JP-Square Correlation Statistic Test for Benford Distribution","t4",0,0.314596862720981,0
"236",0.21,"K-S Test for Benford Distribution","t5",0,17.0697254719662,0
"237",0.21,"Chebyshev Distance Test for Benford Distribution","t6",0,15.5713995663981,0
"238",0.21,"Freedman-Watson U-squared Test for Benford Distribution","t7",0,69.6898473409768,0
"239",0.21,"Judge-Schechter Normed Deviation Test for Benford Distribution","t8",0,0.0571763636322301,0
"240",0.21,"Mantissa Arc Test","t9",0,0.123484668926656,0
"241",0.21,"Mean Absolute Deviation","t10",NA,0.0497793810456457,0
"242",0.21,"Distortion Factor","t11",NA,2.31308439879081,1
"243",0.22,"Chi-Square Test for Benford Distribution","t1",0,2477.15576347766,0
"244",0.22,"Euclidean Distance Test for Benford Distribution","t2",0,19.6403478864288,0
"245",0.22,"Joint Digits Test","t3",0,2477.15576347767,0
"246",0.22,"JP-Square Correlation Statistic Test for Benford Distribution","t4",0,0.330196217896167,0
"247",0.22,"K-S Test for Benford Distribution","t5",0,16.8103254719662,0
"248",0.22,"Chebyshev Distance Test for Benford Distribution","t6",0,15.3429995663981,0
"249",0.22,"Freedman-Watson U-squared Test for Benford Distribution","t7",0,67.3350621507721,0
"250",0.22,"Judge-Schechter Normed Deviation Test for Benford Distribution","t8",0,0.0562853184616526,0
"251",0.22,"Mantissa Arc Test","t9",0,0.119882866680671,0
"252",0.22,"Mean Absolute Deviation","t10",NA,0.0489118970725107,0
"253",0.22,"Distortion Factor","t11",NA,2.26221240422412,1
"254",0.23,"Chi-Square Test for Benford Distribution","t1",0,2421.19843075801,0
"255",0.23,"Euclidean Distance Test for Benford Distribution","t2",0,19.4073844022955,0
"256",0.23,"Joint Digits Test","t3",0,2421.19843075801,0
"257",0.23,"JP-Square Correlation Statistic Test for Benford Distribution","t4",0,0.341964807379673,0
"258",0.23,"K-S Test for Benford Distribution","t5",0,16.6317254719662,0
"259",0.23,"Chebyshev Distance Test for Benford Distribution","t6",0,15.1537995663981,0
"260",0.23,"Freedman-Watson U-squared Test for Benford Distribution","t7",0,65.8375886012572,0
"261",0.23,"Judge-Schechter Normed Deviation Test for Benford Distribution","t8",0,0.0556108292832785,0
"262",0.23,"Mantissa Arc Test","t9",0,0.117064168450172,0
"263",0.23,"Mean Absolute Deviation","t10",NA,0.0484069723924115,0
"264",0.23,"Distortion Factor","t11",NA,2.22185945458129,1
"265",0.24,"Chi-Square Test for Benford Distribution","t1",0,2362.46213378457,0
"266",0.24,"Euclidean Distance Test for Benford Distribution","t2",0,19.1359936097722,0
"267",0.24,"Joint Digits Test","t3",0,2362.46213378457,0
"268",0.24,"JP-Square Correlation Statistic Test for Benford Distribution","t4",0,0.356942444706031,0
"269",0.24,"K-S Test for Benford Distribution","t5",0,16.3283254719662,0
"270",0.24,"Chebyshev Distance Test for Benford Distribution","t6",0,14.9101995663981,0
"271",0.24,"Freedman-Watson U-squared Test for Benford Distribution","t7",0,64.0892142708348,0
"272",0.24,"Judge-Schechter Normed Deviation Test for Benford Distribution","t8",0,0.0537395265067973,0
"273",0.24,"Mantissa Arc Test","t9",0,0.114094382372976,0
"274",0.24,"Mean Absolute Deviation","t10",NA,0.0477425637391774,0
"275",0.24,"Distortion Factor","t11",NA,2.06340531224521,1
"276",0.25,"Chi-Square Test for Benford Distribution","t1",0,2279.92901476938,0
"277",0.25,"Euclidean Distance Test for Benford Distribution","t2",0,18.8601115208404,0
"278",0.25,"Joint Digits Test","t3",0,2279.92901476939,0
"279",0.25,"JP-Square Correlation Statistic Test for Benford Distribution","t4",0,0.370326433101895,0
"280",0.25,"K-S Test for Benford Distribution","t5",0,16.1121254719662,0
"281",0.25,"Chebyshev Distance Test for Benford Distribution","t6",0,14.7601995663981,0
"282",0.25,"Freedman-Watson U-squared Test for Benford Distribution","t7",0,61.9500116151759,0
"283",0.25,"Judge-Schechter Normed Deviation Test for Benford Distribution","t8",0,0.0543873958455982,0
"284",0.25,"Mantissa Arc Test","t9",0,0.109947220160116,0
"285",0.25,"Mean Absolute Deviation","t10",NA,0.0468038254900901,0
"286",0.25,"Distortion Factor","t11",NA,2.20155342732498,1
"287",0.26,"Chi-Square Test for Benford Distribution","t1",0,2259.75613872245,0
"288",0.26,"Euclidean Distance Test for Benford Distribution","t2",0,18.7229693154493,0
"289",0.26,"Joint Digits Test","t3",0,2259.75613872245,0
"290",0.26,"JP-Square Correlation Statistic Test for Benford Distribution","t4",0,0.378343616227233,0
"291",0.26,"K-S Test for Benford Distribution","t5",0,15.9797254719662,0
"292",0.26,"Chebyshev Distance Test for Benford Distribution","t6",0,14.5985995663981,0
"293",0.26,"Freedman-Watson U-squared Test for Benford Distribution","t7",0,61.2851379690859,0
"294",0.26,"Judge-Schechter Normed Deviation Test for Benford Distribution","t8",0,0.0530211505658836,0
"295",0.26,"Mantissa Arc Test","t9",0,0.108907919147329,0
"296",0.26,"Mean Absolute Deviation","t10",NA,0.0466149723924115,0
"297",0.26,"Distortion Factor","t11",NA,2.11462910294316,1
"298",0.27,"Chi-Square Test for Benford Distribution","t1",0,2201.98761867057,0
"299",0.27,"Euclidean Distance Test for Benford Distribution","t2",0,18.5262491603221,0
"300",0.27,"Joint Digits Test","t3",0,2201.98761867057,0
"301",0.27,"JP-Square Correlation Statistic Test for Benford Distribution","t4",0,0.3877045296196,0
"302",0.27,"K-S Test for Benford Distribution","t5",0,15.9049254719662,0
"303",0.27,"Chebyshev Distance Test for Benford Distribution","t6",0,14.4845995663981,0
"304",0.27,"Freedman-Watson U-squared Test for Benford Distribution","t7",0,59.9299718363604,0
"305",0.27,"Judge-Schechter Normed Deviation Test for Benford Distribution","t8",0,0.0541229960876756,0
"306",0.27,"Mantissa Arc Test","t9",0,0.106286206652052,0
"307",0.27,"Mean Absolute Deviation","t10",NA,0.0460651588234235,0
"308",0.27,"Distortion Factor","t11",NA,2.33619714674371,1
"309",0.28,"Chi-Square Test for Benford Distribution","t1",0,2120.12251930641,0
"310",0.28,"Euclidean Distance Test for Benford Distribution","t2",0,18.0992541729693,0
"311",0.28,"Joint Digits Test","t3",0,2120.12251930642,0
"312",0.28,"JP-Square Correlation Statistic Test for Benford Distribution","t4",0,0.412001741807019,0
"313",0.28,"K-S Test for Benford Distribution","t5",0,15.4973254719662,0
"314",0.28,"Chebyshev Distance Test for Benford Distribution","t6",0,14.0799995663981,0
"315",0.28,"Freedman-Watson U-squared Test for Benford Distribution","t7",0,57.5059587176475,0
"316",0.28,"Judge-Schechter Normed Deviation Test for Benford Distribution","t8",0,0.0513570508649989,0
"317",0.28,"Mantissa Arc Test","t9",0,0.101985837240185,0
"318",0.28,"Mean Absolute Deviation","t10",NA,0.0452487501701893,0
"319",0.28,"Distortion Factor","t11",NA,2.06071628739003,1
"320",0.29,"Chi-Square Test for Benford Distribution","t1",0,2071.7484778327,0
"321",0.29,"Euclidean Distance Test for Benford Distribution","t2",0,17.927360727499,0
"322",0.29,"Joint Digits Test","t3",0,2071.7484778327,0
"323",0.29,"JP-Square Correlation Statistic Test for Benford Distribution","t4",0,0.42115062222632,0
"324",0.29,"K-S Test for Benford Distribution","t5",0,15.3137254719662,0
"325",0.29,"Chebyshev Distance Test for Benford Distribution","t6",0,13.9999995663981,0
"326",0.29,"Freedman-Watson U-squared Test for Benford Distribution","t7",0,56.2741468332127,0
"327",0.29,"Judge-Schechter Normed Deviation Test for Benford Distribution","t8",0,0.0511523658823349,0
"328",0.29,"Mantissa Arc Test","t9",0,0.0997903083956076,0
"329",0.29,"Mean Absolute Deviation","t10",NA,0.0447349366012012,0
"330",0.29,"Distortion Factor","t11",NA,2.14901057780378,1
"331",0.3,"Chi-Square Test for Benford Distribution","t1",0,2019.25886744346,0
"332",0.3,"Euclidean Distance Test for Benford Distribution","t2",0,17.704068559755,0
"333",0.3,"Joint Digits Test","t3",0,2019.25886744347,0
"334",0.3,"JP-Square Correlation Statistic Test for Benford Distribution","t4",0,0.433748856419073,0
"335",0.3,"K-S Test for Benford Distribution","t5",0,15.0995254719662,0
"336",0.3,"Chebyshev Distance Test for Benford Distribution","t6",0,13.8117995663981,0
"337",0.3,"Freedman-Watson U-squared Test for Benford Distribution","t7",0,54.7458500905797,0
"338",0.3,"Judge-Schechter Normed Deviation Test for Benford Distribution","t8",0,0.0502091602152965,0
"339",0.3,"Mantissa Arc Test","t9",0,0.0973329713399449,0
"340",0.3,"Mean Absolute Deviation","t10",NA,0.0440922699345346,0
"341",0.3,"Distortion Factor","t11",NA,2.02500224831253,1
"342",0.31,"Chi-Square Test for Benford Distribution","t1",0,1944.92818516109,0
"343",0.31,"Euclidean Distance Test for Benford Distribution","t2",0,17.3844683605302,0
"344",0.31,"Joint Digits Test","t3",0,1944.92818516109,0
"345",0.31,"JP-Square Correlation Statistic Test for Benford Distribution","t4",0,0.451257186070646,0
"346",0.31,"K-S Test for Benford Distribution","t5",0,14.861897372866,0
"347",0.31,"Chebyshev Distance Test for Benford Distribution","t6",0,13.5642674967725,0
"348",0.31,"Freedman-Watson U-squared Test for Benford Distribution","t7",0,52.7801150013299,0
"349",0.31,"Judge-Schechter Normed Deviation Test for Benford Distribution","t8",0,0.0496788577512942,0
"350",0.31,"Mantissa Arc Test","t9",0,0.0938582563644599,0
"351",0.31,"Mean Absolute Deviation","t10",NA,0.0432927764740774,0
"352",0.31,"Distortion Factor","t11",NA,1.95359807434173,1
"353",0.32,"Chi-Square Test for Benford Distribution","t1",0,1897.65269948185,0
"354",0.32,"Euclidean Distance Test for Benford Distribution","t2",0,17.1496756866612,0
"355",0.32,"Joint Digits Test","t3",0,1897.65269948186,0
"356",0.32,"JP-Square Correlation Statistic Test for Benford Distribution","t4",0,0.464289818948405,0
"357",0.32,"K-S Test for Benford Distribution","t5",0,14.6540869820867,0
"358",0.32,"Chebyshev Distance Test for Benford Distribution","t6",0,13.3850585361004,0
"359",0.32,"Freedman-Watson U-squared Test for Benford Distribution","t7",0,51.5238003258932,0
"360",0.32,"Judge-Schechter Normed Deviation Test for Benford Distribution","t8",0,0.0491338159909919,0
"361",0.32,"Mantissa Arc Test","t9",0,0.0912815437936547,0
"362",0.32,"Mean Absolute Deviation","t10",NA,0.0427856762183497,0
"363",0.32,"Distortion Factor","t11",NA,2.01524275731937,1
"364",0.33,"Chi-Square Test for Benford Distribution","t1",0,1850.26354668607,0
"365",0.33,"Euclidean Distance Test for Benford Distribution","t2",0,16.9104174803658,0
"366",0.33,"Joint Digits Test","t3",0,1850.26354668608,0
"367",0.33,"JP-Square Correlation Statistic Test for Benford Distribution","t4",0,0.477754935406788,0
"368",0.33,"K-S Test for Benford Distribution","t5",0,14.5462815916824,0
"369",0.33,"Chebyshev Distance Test for Benford Distribution","t6",0,13.1590472352529,0
"370",0.33,"Freedman-Watson U-squared Test for Benford Distribution","t7",0,50.259745156578,0
"371",0.33,"Judge-Schechter Normed Deviation Test for Benford Distribution","t8",0,0.0488780241153648,0
"372",0.33,"Mantissa Arc Test","t9",0,0.0888374383882019,0
"373",0.33,"Mean Absolute Deviation","t10",NA,0.042271970200788,0
"374",0.33,"Distortion Factor","t11",NA,1.97574666288844,1
"375",0.34,"Chi-Square Test for Benford Distribution","t1",0,1791.66360351672,0
"376",0.34,"Euclidean Distance Test for Benford Distribution","t2",0,16.6883353897045,0
"377",0.34,"Joint Digits Test","t3",0,1791.66360351672,0
"378",0.34,"JP-Square Correlation Statistic Test for Benford Distribution","t4",0,0.490601599312788,0
"379",0.34,"K-S Test for Benford Distribution","t5",0,14.2786682106788,0
"380",0.34,"Chebyshev Distance Test for Benford Distribution","t6",0,13.0186402147263,0
"381",0.34,"Freedman-Watson U-squared Test for Benford Distribution","t7",0,48.6521093515443,0
"382",0.34,"Judge-Schechter Normed Deviation Test for Benford Distribution","t8",0,0.0474346528002936,0
"383",0.34,"Mantissa Arc Test","t9",0,0.0865513685911929,0
"384",0.34,"Mean Absolute Deviation","t10",NA,0.0416140650670879,0
"385",0.34,"Distortion Factor","t11",NA,1.96857042326794,1
"386",0.35,"Chi-Square Test for Benford Distribution","t1",0,1747.38697560688,0
"387",0.35,"Euclidean Distance Test for Benford Distribution","t2",0,16.4733788581115,0
"388",0.35,"Joint Digits Test","t3",0,1747.38697560688,0
"389",0.35,"JP-Square Correlation Statistic Test for Benford Distribution","t4",0,0.50260397049487,0
"390",0.35,"K-S Test for Benford Distribution","t5",0,14.0908588199745,0
"391",0.35,"Chebyshev Distance Test for Benford Distribution","t6",0,12.8616323641375,0
"392",0.35,"Freedman-Watson U-squared Test for Benford Distribution","t7",0,47.4282015479985,0
"393",0.35,"Judge-Schechter Normed Deviation Test for Benford Distribution","t8",0,0.0474245794212253,0
"394",0.35,"Mantissa Arc Test","t9",0,0.0843004605512897,0
"395",0.35,"Mean Absolute Deviation","t10",NA,0.0409877802163806,0
"396",0.35,"Distortion Factor","t11",NA,1.96821347951806,1
"397",0.36,"Chi-Square Test for Benford Distribution","t1",0,1678.38999792439,0
"398",0.36,"Euclidean Distance Test for Benford Distribution","t2",0,16.0803903567936,0
"399",0.36,"Joint Digits Test","t3",0,1678.3899979244,0
"400",0.36,"JP-Square Correlation Statistic Test for Benford Distribution","t4",0,0.525159133387978,0
"401",0.36,"K-S Test for Benford Distribution","t5",0,13.7623254719662,0
"402",0.36,"Chebyshev Distance Test for Benford Distribution","t6",0,12.4899995663981,0
"403",0.36,"Freedman-Watson U-squared Test for Benford Distribution","t7",0,45.4853400934264,0
"404",0.36,"Judge-Schechter Normed Deviation Test for Benford Distribution","t8",1.77635683940025e-17,0.0452211778433841,0
"405",0.36,"Mantissa Arc Test","t9",4.94065645841247e-324,0.0806685864729377,0
"406",0.36,"Mean Absolute Deviation","t10",NA,0.0402745279479671,0
"407",0.36,"Distortion Factor","t11",NA,1.78049100912513,1
"408",0.37,"Chi-Square Test for Benford Distribution","t1",0,1615.58032726303,0
"409",0.37,"Euclidean Distance Test for Benford Distribution","t2",0,15.8237230075574,0
"410",0.37,"Joint Digits Test","t3",0,1615.58032726304,0
"411",0.37,"JP-Square Correlation Statistic Test for Benford Distribution","t4",0,0.539600079302674,0
"412",0.37,"K-S Test for Benford Distribution","t5",0,13.4767254719662,0
"413",0.37,"Chebyshev Distance Test for Benford Distribution","t6",0,12.3257995663981,0
"414",0.37,"Freedman-Watson U-squared Test for Benford Distribution","t7",0,43.7275070160875,0
"415",0.37,"Judge-Schechter Normed Deviation Test for Benford Distribution","t8",4.44089209850063e-18,0.0444456052201443,0
"416",0.37,"Mantissa Arc Test","t9",7.44281563905983e-311,0.0777726421908515,0
"417",0.37,"Mean Absolute Deviation","t10",NA,0.0394549366012012,0
"418",0.37,"Distortion Factor","t11",NA,1.74496612290049,1
"419",0.38,"Chi-Square Test for Benford Distribution","t1",0,1581.394210809,0
"420",0.38,"Euclidean Distance Test for Benford Distribution","t2",0,15.6526814444084,0
"421",0.38,"Joint Digits Test","t3",0,1581.39421080901,0
"422",0.38,"JP-Square Correlation Statistic Test for Benford Distribution","t4",0,0.549248949894662,0
"423",0.38,"K-S Test for Benford Distribution","t5",0,13.3537254719662,0
"424",0.38,"Chebyshev Distance Test for Benford Distribution","t6",0,12.2095995663981,0
"425",0.38,"Freedman-Watson U-squared Test for Benford Distribution","t7",0,42.8621545431142,0
"426",0.38,"Judge-Schechter Normed Deviation Test for Benford Distribution","t8",4.44089209850063e-18,0.0447402220932581,0
"427",0.38,"Mantissa Arc Test","t9",1.51954977880738e-296,0.075946691719595,0
"428",0.38,"Mean Absolute Deviation","t10",NA,0.0389744921567568,0
"429",0.38,"Distortion Factor","t11",NA,1.79908996060423,1
"430",0.39,"Chi-Square Test for Benford Distribution","t1",0,1534.29786488302,0
"431",0.39,"Euclidean Distance Test for Benford Distribution","t2",0,15.4213366302975,0
"432",0.39,"Joint Digits Test","t3",0,1534.29786488302,0
"433",0.39,"JP-Square Correlation Statistic Test for Benford Distribution","t4",0,0.562306564888031,0
"434",0.39,"K-S Test for Benford Distribution","t5",0,13.1647254719662,0
"435",0.39,"Chebyshev Distance Test for Benford Distribution","t6",0,12.0217995663981,0
"436",0.39,"Freedman-Watson U-squared Test for Benford Distribution","t7",0,41.5964402919334,0
"437",0.39,"Judge-Schechter Normed Deviation Test for Benford Distribution","t8",8.88178419700125e-18,0.0435646324212972,0
"438",0.39,"Mantissa Arc Test","t9",4.92285467645773e-284,0.073694232862378,0
"439",0.39,"Mean Absolute Deviation","t10",NA,0.0385096748502885,0
"440",0.39,"Distortion Factor","t11",NA,1.77413827517038,1
"441",0.4,"Chi-Square Test for Benford Distribution","t1",0,1489.77213892758,0
"442",0.4,"Euclidean Distance Test for Benford Distribution","t2",0,15.2282087136867,0
"443",0.4,"Joint Digits Test","t3",0,1489.77213892758,0
"444",0.4,"JP-Square Correlation Statistic Test for Benford Distribution","t4",0,0.573264132825073,0
"445",0.4,"K-S Test for Benford Distribution","t5",0,13.0413429538549,0
"446",0.4,"Chebyshev Distance Test for Benford Distribution","t6",0,11.8723995663981,0
"447",0.4,"Freedman-Watson U-squared Test for Benford Distribution","t7",0,40.3981669694193,0
"448",0.4,"Judge-Schechter Normed Deviation Test for Benford Distribution","t8",5.32907051820075e-17,0.0434977230948025,0
"449",0.4,"Mantissa Arc Test","t9",7.82755725819934e-276,0.0719921034079314,0
"450",0.4,"Mean Absolute Deviation","t10",NA,0.0378643445743863,0
"451",0.4,"Distortion Factor","t11",NA,1.7885424624035,1
"452",0.41,"Chi-Square Test for Benford Distribution","t1",0,1430.34368953601,0
"453",0.41,"Euclidean Distance Test for Benford Distribution","t2",0,14.8638205855093,0
"454",0.41,"Joint Digits Test","t3",0,1430.34368953601,0
"455",0.41,"JP-Square Correlation Statistic Test for Benford Distribution","t4",0,0.593804545848678,0
"456",0.41,"K-S Test for Benford Distribution","t5",0,12.7735429538549,0
"457",0.41,"Chebyshev Distance Test for Benford Distribution","t6",0,11.5619995663981,0
"458",0.41,"Freedman-Watson U-squared Test for Benford Distribution","t7",0,38.803111931263,0
"459",0.41,"Judge-Schechter Normed Deviation Test for Benford Distribution","t8",5.28332932958619e-14,0.0430969865909578,0
"460",0.41,"Mantissa Arc Test","t9",1.26338365809563e-276,0.0686294172975557,0
"461",0.41,"Mean Absolute Deviation","t10",NA,0.0371666383790291,0
"462",0.41,"Distortion Factor","t11",NA,1.77691727564601,1
"463",0.42,"Chi-Square Test for Benford Distribution","t1",0,1401.37573416778,0
"464",0.42,"Euclidean Distance Test for Benford Distribution","t2",0,14.7418789956794,0
"465",0.42,"Joint Digits Test","t3",0,1401.37573416778,0
"466",0.42,"JP-Square Correlation Statistic Test for Benford Distribution","t4",0,0.600632228020446,0
"467",0.42,"K-S Test for Benford Distribution","t5",0,12.6297254719662,0
"468",0.42,"Chebyshev Distance Test for Benford Distribution","t6",0,11.5021995663981,0
"469",0.42,"Freedman-Watson U-squared Test for Benford Distribution","t7",0,38.0310362416334,0
"470",0.42,"Judge-Schechter Normed Deviation Test for Benford Distribution","t8",1.54365409343882e-14,0.0427027251832255,0
"471",0.42,"Mantissa Arc Test","t9",7.28228473358116e-256,0.0674086014249351,0
"472",0.42,"Mean Absolute Deviation","t10",NA,0.036701230405844,0
"473",0.42,"Distortion Factor","t11",NA,1.77370428844617,1
"474",0.43,"Chi-Square Test for Benford Distribution","t1",0,1341.04765593373,0
"475",0.43,"Euclidean Distance Test for Benford Distribution","t2",0,14.4113785433092,0
"476",0.43,"Joint Digits Test","t3",0,1341.04765593373,0
"477",0.43,"JP-Square Correlation Statistic Test for Benford Distribution","t4",0,0.619049905368224,0
"478",0.43,"K-S Test for Benford Distribution","t5",0,12.3845254719662,0
"479",0.43,"Chebyshev Distance Test for Benford Distribution","t6",0,11.2273995663981,0
"480",0.43,"Freedman-Watson U-squared Test for Benford Distribution","t7",0,36.396693934934,0
"481",0.43,"Judge-Schechter Normed Deviation Test for Benford Distribution","t8",2.22044604925031e-17,0.0418555667751876,0
"482",0.43,"Mantissa Arc Test","t9",7.47005143109639e-260,0.0644128048586004,0
"483",0.43,"Mean Absolute Deviation","t10",NA,0.0360408217526099,0
"484",0.43,"Distortion Factor","t11",NA,1.79026035938038,1
"485",0.44,"Chi-Square Test for Benford Distribution","t1",0,1291.5462041073,0
"486",0.44,"Euclidean Distance Test for Benford Distribution","t2",0,14.1204211762178,0
"487",0.44,"Joint Digits Test","t3",0,1291.5462041073,0
"488",0.44,"JP-Square Correlation Statistic Test for Benford Distribution","t4",0,0.634815166917066,0
"489",0.44,"K-S Test for Benford Distribution","t5",0,12.1397254719662,0
"490",0.44,"Chebyshev Distance Test for Benford Distribution","t6",0,10.9745995663981,0
"491",0.44,"Freedman-Watson U-squared Test for Benford Distribution","t7",0,35.0430635433514,0
"492",0.44,"Judge-Schechter Normed Deviation Test for Benford Distribution","t8",2.36211050719248e-14,0.0404965160467089,0
"493",0.44,"Mantissa Arc Test","t9",3.61486702648771e-245,0.0621109189480251,0
"494",0.44,"Mean Absolute Deviation","t10",NA,0.0352954526280663,0
"495",0.44,"Distortion Factor","t11",NA,1.66590969489909,1
"496",0.45,"Chi-Square Test for Benford Distribution","t1",0,1243.08848333236,0
"497",0.45,"Euclidean Distance Test for Benford Distribution","t2",0,13.9281562183491,0
"498",0.45,"Joint Digits Test","t3",0,1243.08848333236,0
"499",0.45,"JP-Square Correlation Statistic Test for Benford Distribution","t4",0,0.645265292162742,0
"500",0.45,"K-S Test for Benford Distribution","t5",0,11.8989429538549,0
"501",0.45,"Chebyshev Distance Test for Benford Distribution","t6",0,10.8877995663981,0
"502",0.45,"Freedman-Watson U-squared Test for Benford Distribution","t7",0,33.7093609297153,0
"503",0.45,"Judge-Schechter Normed Deviation Test for Benford Distribution","t8",3.5793590313915e-15,0.0397655496411322,0
"504",0.45,"Mantissa Arc Test","t9",1.55604203860917e-234,0.0600072339514247,0
"505",0.45,"Mean Absolute Deviation","t10",NA,0.0346185667966085,0
"506",0.45,"Distortion Factor","t11",NA,1.55624861542559,1
"507",0.46,"Chi-Square Test for Benford Distribution","t1",0,1216.17019960801,0
"508",0.46,"Euclidean Distance Test for Benford Distribution","t2",0,13.7435264086805,0
"509",0.46,"Joint Digits Test","t3",0,1216.17019960802,0
"510",0.46,"JP-Square Correlation Statistic Test for Benford Distribution","t4",0,0.655547727373045,0
"511",0.46,"K-S Test for Benford Distribution","t5",0,11.7431254719662,0
"512",0.46,"Chebyshev Distance Test for Benford Distribution","t6",0,10.7407995663981,0
"513",0.46,"Freedman-Watson U-squared Test for Benford Distribution","t7",0,32.9969058920021,0
"514",0.46,"Judge-Schechter Normed Deviation Test for Benford Distribution","t8",3.26227933555856e-14,0.0397921694807054,0
"515",0.46,"Mantissa Arc Test","t9",3.12199350655571e-232,0.0581989948040292,0
"516",0.46,"Mean Absolute Deviation","t10",NA,0.0341622266683638,0
"517",0.46,"Distortion Factor","t11",NA,1.74683275651854,1
"518",0.47,"Chi-Square Test for Benford Distribution","t1",0,1150.42142750858,0
"519",0.47,"Euclidean Distance Test for Benford Distribution","t2",0,13.3331533428839,0
"520",0.47,"Joint Digits Test","t3",0,1150.42142750858,0
"521",0.47,"JP-Square Correlation Statistic Test for Benford Distribution","t4",0,0.677271018951987,0
"522",0.47,"K-S Test for Benford Distribution","t5",0,11.4689429538549,0
"523",0.47,"Chebyshev Distance Test for Benford Distribution","t6",0,10.3749995663981,0
"524",0.47,"Freedman-Watson U-squared Test for Benford Distribution","t7",0,31.2120358342507,0
"525",0.47,"Judge-Schechter Normed Deviation Test for Benford Distribution","t8",1.27796440096972e-12,0.0385172950016878,0
"526",0.47,"Mantissa Arc Test","t9",1.90219568399561e-218,0.0553423538621822,0
"527",0.47,"Mean Absolute Deviation","t10",NA,0.033396043294783,0
"528",0.47,"Distortion Factor","t11",NA,1.61155305375782,1
"529",0.48,"Chi-Square Test for Benford Distribution","t1",0,1091.58751885756,0
"530",0.48,"Euclidean Distance Test for Benford Distribution","t2",0,13.030403242284,0
"531",0.48,"Joint Digits Test","t3",0,1091.58751885756,0
"532",0.48,"JP-Square Correlation Statistic Test for Benford Distribution","t4",0,0.693012992777119,0
"533",0.48,"K-S Test for Benford Distribution","t5",0,11.1857254719662,0
"534",0.48,"Chebyshev Distance Test for Benford Distribution","t6",0,10.1657995663981,0
"535",0.48,"Freedman-Watson U-squared Test for Benford Distribution","t7",0,29.6617207532382,0
"536",0.48,"Judge-Schechter Normed Deviation Test for Benford Distribution","t8",3.23329563123309e-10,0.0376910007922343,0
"537",0.48,"Mantissa Arc Test","t9",8.62568579224104e-199,0.0526194703629735,0
"538",0.48,"Mean Absolute Deviation","t10",NA,0.0323875600016971,0
"539",0.48,"Distortion Factor","t11",NA,1.53570859609541,1
"540",0.49,"Chi-Square Test for Benford Distribution","t1",0,1067.53900584249,0
"541",0.49,"Euclidean Distance Test for Benford Distribution","t2",0,12.8504472573525,0
"542",0.49,"Joint Digits Test","t3",0,1067.53900584249,0
"543",0.49,"JP-Square Correlation Statistic Test for Benford Distribution","t4",0,0.701858508407215,0
"544",0.49,"K-S Test for Benford Distribution","t5",0,10.9383429538549,0
"545",0.49,"Chebyshev Distance Test for Benford Distribution","t6",0,10.0195995663981,0
"546",0.49,"Freedman-Watson U-squared Test for Benford Distribution","t7",0,28.8846001556665,0
"547",0.49,"Judge-Schechter Normed Deviation Test for Benford Distribution","t8",1.56820334495933e-12,0.0365373545015431,0
"548",0.49,"Mantissa Arc Test","t9",2.40313377382666e-196,0.0510509960079574,0
"549",0.49,"Mean Absolute Deviation","t10",NA,0.031925340836906,0
"550",0.49,"Distortion Factor","t11",NA,1.46247853426242,1
"551",0.5,"Chi-Square Test for Benford Distribution","t1",0,1028.71634376548,0
"552",0.5,"Euclidean Distance Test for Benford Distribution","t2",0,12.6761202755299,0
"553",0.5,"Joint Digits Test","t3",0,1028.71634376549,0
"554",0.5,"JP-Square Correlation Statistic Test for Benford Distribution","t4",0,0.711265488516165,0
"555",0.5,"K-S Test for Benford Distribution","t5",0,10.8205254719662,0
"556",0.5,"Chebyshev Distance Test for Benford Distribution","t6",0,9.92199956639812,0
"557",0.5,"Freedman-Watson U-squared Test for Benford Distribution","t7",0,27.888934406961,0
"558",0.5,"Judge-Schechter Normed Deviation Test for Benford Distribution","t8",1.31050148510781e-11,0.0368794554128145,0
"559",0.5,"Mantissa Arc Test","t9",3.28167621113618e-187,0.0495010600550974,0
"560",0.5,"Mean Absolute Deviation","t10",NA,0.0313550081836218,0
"561",0.5,"Distortion Factor","t11",NA,1.483736221106,1
"562",0.51,"Chi-Square Test for Benford Distribution","t1",0,989.228731155391,0
"563",0.51,"Euclidean Distance Test for Benford Distribution","t2",0,12.3688583386728,0
"564",0.51,"Joint Digits Test","t3",0,989.228731155393,0
"565",0.51,"JP-Square Correlation Statistic Test for Benford Distribution","t4",0,0.726355275484929,0
"566",0.51,"K-S Test for Benford Distribution","t5",0,10.6229254719662,0
"567",0.51,"Chebyshev Distance Test for Benford Distribution","t6",0,9.62679956639812,0
"568",0.51,"Freedman-Watson U-squared Test for Benford Distribution","t7",0,26.8447114537572,0
"569",0.51,"Judge-Schechter Normed Deviation Test for Benford Distribution","t8",2.31128449712514e-12,0.0356319202284937,0
"570",0.51,"Mantissa Arc Test","t9",1.6518328499543e-180,0.0476064647698378,0
"571",0.51,"Mean Absolute Deviation","t10",NA,0.0308578180151296,0
"572",0.51,"Distortion Factor","t11",NA,1.51401907884114,1
"573",0.52,"Chi-Square Test for Benford Distribution","t1",0,953.039913545195,0
"574",0.52,"Euclidean Distance Test for Benford Distribution","t2",0,12.1450167681211,0
"575",0.52,"Joint Digits Test","t3",0,953.039913545197,0
"576",0.52,"JP-Square Correlation Statistic Test for Benford Distribution","t4",0,0.736944491400636,0
"577",0.52,"K-S Test for Benford Distribution","t5",0,10.3657254719662,0
"578",0.52,"Chebyshev Distance Test for Benford Distribution","t6",0,9.45819956639812,0
"579",0.52,"Freedman-Watson U-squared Test for Benford Distribution","t7",0,25.7575873558527,0
"580",0.52,"Judge-Schechter Normed Deviation Test for Benford Distribution","t8",7.20825799049862e-11,0.0343581249321615,0
"581",0.52,"Mantissa Arc Test","t9",8.99223256307695e-170,0.0458840631785253,0
"582",0.52,"Mean Absolute Deviation","t10",NA,0.0303265995303876,0
"583",0.52,"Distortion Factor","t11",NA,1.34462610276862,1
"584",0.53,"Chi-Square Test for Benford Distribution","t1",0,897.937070262196,0
"585",0.53,"Euclidean Distance Test for Benford Distribution","t2",0,11.8149446916376,0
"586",0.53,"Joint Digits Test","t3",0,897.937070262198,0
"587",0.53,"JP-Square Correlation Statistic Test for Benford Distribution","t4",0,0.752953314952537,0
"588",0.53,"K-S Test for Benford Distribution","t5",0,10.0551254719662,0
"589",0.53,"Chebyshev Distance Test for Benford Distribution","t6",0,9.23519956639812,0
"590",0.53,"Freedman-Watson U-squared Test for Benford Distribution","t7",0,24.3043370984909,0
"591",0.53,"Judge-Schechter Normed Deviation Test for Benford Distribution","t8",1.12929442241949e-09,0.0338631398071253,0
"592",0.53,"Mantissa Arc Test","t9",2.22778123932316e-164,0.0430699159923317,0
"593",0.53,"Mean Absolute Deviation","t10",NA,0.0293204846817963,0
"594",0.53,"Distortion Factor","t11",NA,1.40058679379514,1
"595",0.54,"Chi-Square Test for Benford Distribution","t1",0,870.332825936596,0
"596",0.54,"Euclidean Distance Test for Benford Distribution","t2",0,11.6187728589234,0
"597",0.54,"Joint Digits Test","t3",0,870.332825936598,0
"598",0.54,"JP-Square Correlation Statistic Test for Benford Distribution","t4",0,0.761731592670398,0
"599",0.54,"K-S Test for Benford Distribution","t5",0,9.92092547196624,0
"600",0.54,"Chebyshev Distance Test for Benford Distribution","t6",0,9.04739956639812,0
"601",0.54,"Freedman-Watson U-squared Test for Benford Distribution","t7",0,23.5462720585963,0
"602",0.54,"Judge-Schechter Normed Deviation Test for Benford Distribution","t8",1.94999483227321e-11,0.0328792849256036,0
"603",0.54,"Mantissa Arc Test","t9",1.51553064569276e-156,0.0420072473701314,0
"604",0.54,"Mean Absolute Deviation","t10",NA,0.0289270797660424,0
"605",0.54,"Distortion Factor","t11",NA,1.31044700095685,1
"606",0.55,"Chi-Square Test for Benford Distribution","t1",0,833.696321563607,0
"607",0.55,"Euclidean Distance Test for Benford Distribution","t2",0,11.3872073278821,0
"608",0.55,"Joint Digits Test","t3",0,833.696321563608,0
"609",0.55,"JP-Square Correlation Statistic Test for Benford Distribution","t4",0,0.773656872747685,0
"610",0.55,"K-S Test for Benford Distribution","t5",0,9.74792547196624,0
"611",0.55,"Chebyshev Distance Test for Benford Distribution","t6",0,8.91819956639812,0
"612",0.55,"Freedman-Watson U-squared Test for Benford Distribution","t7",0,22.610639632736,0
"613",0.55,"Judge-Schechter Normed Deviation Test for Benford Distribution","t8",2.10221204888228e-10,0.0335591700174047,0
"614",0.55,"Mantissa Arc Test","t9",1.64304707125473e-152,0.0400799347305755,0
"615",0.55,"Mean Absolute Deviation","t10",NA,0.0282688575438202,0
"616",0.55,"Distortion Factor","t11",NA,1.43452011564481,1
"617",0.56,"Chi-Square Test for Benford Distribution","t1",0,799.405555251632,0
"618",0.56,"Euclidean Distance Test for Benford Distribution","t2",0,11.0930365715456,0
"619",0.56,"Joint Digits Test","t3",0,799.405555251633,0
"620",0.56,"JP-Square Correlation Statistic Test for Benford Distribution","t4",0,0.785506371014358,0
"621",0.56,"K-S Test for Benford Distribution","t5",0,9.48862870271556,0
"622",0.56,"Chebyshev Distance Test for Benford Distribution","t6",0,8.61201987820095,0
"623",0.56,"Freedman-Watson U-squared Test for Benford Distribution","t7",0,21.5805026264652,0
"624",0.56,"Judge-Schechter Normed Deviation Test for Benford Distribution","t8",1.46759627810411e-07,0.0314240960618547,0
"625",0.56,"Mantissa Arc Test","t9",8.79314267760949e-131,0.0381634166167725,0
"626",0.56,"Mean Absolute Deviation","t10",NA,0.0277364791256851,0
"627",0.56,"Distortion Factor","t11",NA,1.22465779605454,1
"628",0.57,"Chi-Square Test for Benford Distribution","t1",0,756.41179020065,0
"629",0.57,"Euclidean Distance Test for Benford Distribution","t2",0,10.8007081032117,0
"630",0.57,"Joint Digits Test","t3",0,756.411790200652,0
"631",0.57,"JP-Square Correlation Statistic Test for Benford Distribution","t4",0,0.798432100150703,0
"632",0.57,"K-S Test for Benford Distribution","t5",0,9.28041829193475,0
"633",0.57,"Chebyshev Distance Test for Benford Distribution","t6",0,8.37880821732638,0
"634",0.57,"Freedman-Watson U-squared Test for Benford Distribution","t7",0,20.4483158069083,0
"635",0.57,"Judge-Schechter Normed Deviation Test for Benford Distribution","t8",2.18039534383152e-08,0.0308362424405121,0
"636",0.57,"Mantissa Arc Test","t9",1.60769317955753e-138,0.0362297527405402,0
"637",0.57,"Mean Absolute Deviation","t10",NA,0.0270169747505099,0
"638",0.57,"Distortion Factor","t11",NA,1.25712706362891,1
"639",0.58,"Chi-Square Test for Benford Distribution","t1",0,732.960019605654,0
"640",0.58,"Euclidean Distance Test for Benford Distribution","t2",0,10.6261865804106,0
"641",0.58,"Joint Digits Test","t3",0,732.960019605655,0
"642",0.58,"JP-Square Correlation Statistic Test for Benford Distribution","t4",0,0.806003228382029,0
"643",0.58,"K-S Test for Benford Distribution","t5",0,9.08074295385488,0
"644",0.58,"Chebyshev Distance Test for Benford Distribution","t6",0,8.26659956639812,0
"645",0.58,"Freedman-Watson U-squared Test for Benford Distribution","t7",0,19.8242884193444,0
"646",0.58,"Judge-Schechter Normed Deviation Test for Benford Distribution","t8",2.49043072386712e-09,0.0303791783710968,0
"647",0.58,"Mantissa Arc Test","t9",2.19551197815409e-134,0.0350192555984949,0
"648",0.58,"Mean Absolute Deviation","t10",NA,0.0265507457526599,0
"649",0.58,"Distortion Factor","t11",NA,1.25153696444912,1
"650",0.59,"Chi-Square Test for Benford Distribution","t1",0,685.210340062973,0
"651",0.59,"Euclidean Distance Test for Benford Distribution","t2",0,10.2668864770402,0
"652",0.59,"Joint Digits Test","t3",0,685.210340062975,0
"653",0.59,"JP-Square Correlation Statistic Test for Benford Distribution","t4",0,0.820210835796695,0
"654",0.59,"K-S Test for Benford Distribution","t5",0,8.77932547196624,0
"655",0.59,"Chebyshev Distance Test for Benford Distribution","t6",0,7.95779956639812,0
"656",0.59,"Freedman-Watson U-squared Test for Benford Distribution","t7",0,18.4780401866871,0
"657",0.59,"Judge-Schechter Normed Deviation Test for Benford Distribution","t8",1.32250831370806e-05,0.0287053660260435,0
"658",0.59,"Mantissa Arc Test","t9",2.38494625269182e-126,0.0327044691973348,0
"659",0.59,"Mean Absolute Deviation","t10",NA,0.0257649291262407,0
"660",0.59,"Distortion Factor","t11",NA,1.09643808805793,1
"661",0.6,"Chi-Square Test for Benford Distribution","t1",0,661.404265432591,0
"662",0.6,"Euclidean Distance Test for Benford Distribution","t2",0,10.0770274476104,0
"663",0.6,"Joint Digits Test","t3",0,661.404265432592,0
"664",0.6,"JP-Square Correlation Statistic Test for Benford Distribution","t4",0,0.827783855503761,0
"665",0.6,"K-S Test for Benford Distribution","t5",0,8.59834295385488,0
"666",0.6,"Chebyshev Distance Test for Benford Distribution","t6",0,7.81119956639812,0
"667",0.6,"Freedman-Watson U-squared Test for Benford Distribution","t7",0,17.829256742828,0
"668",0.6,"Judge-Schechter Normed Deviation Test for Benford Distribution","t8",2.66937829596081e-07,0.0282301659169063,0
"669",0.6,"Mantissa Arc Test","t9",3.43609026169088e-113,0.0315532158000371,0
"670",0.6,"Mean Absolute Deviation","t10",NA,0.0251819284461916,0
"671",0.6,"Distortion Factor","t11",NA,1.10264413103503,1
"672",0.61,"Chi-Square Test for Benford Distribution","t1",0,630.344096881719,0
"673",0.61,"Euclidean Distance Test for Benford Distribution","t2",0,9.88266096377197,0
"674",0.61,"Joint Digits Test","t3",0,630.34409688172,0
"675",0.61,"JP-Square Correlation Statistic Test for Benford Distribution","t4",0,0.835961840275328,0
"676",0.61,"K-S Test for Benford Distribution","t5",0,8.47157791763216,0
"677",0.61,"Chebyshev Distance Test for Benford Distribution","t6",0,7.68759956639812,0
"678",0.61,"Freedman-Watson U-squared Test for Benford Distribution","t7",0,17.0253979953899,0
"679",0.61,"Judge-Schechter Normed Deviation Test for Benford Distribution","t8",2.63863298381128e-06,0.0284028351465701,0
"680",0.61,"Mantissa Arc Test","t9",3.61126095108707e-110,0.0301560501320424,0
"681",0.61,"Mean Absolute Deviation","t10",NA,0.0246365296453,0
"682",0.61,"Distortion Factor","t11",NA,1.204515534814,1
"683",0.62,"Chi-Square Test for Benford Distribution","t1",0,603.168565020214,0
"684",0.62,"Euclidean Distance Test for Benford Distribution","t2",0,9.66169026837763,0
"685",0.62,"Joint Digits Test","t3",0,603.168565020215,0
"686",0.62,"JP-Square Correlation Statistic Test for Benford Distribution","t4",0,0.84420903659886,0
"687",0.62,"K-S Test for Benford Distribution","t5",0,8.29374295385488,0
"688",0.62,"Chebyshev Distance Test for Benford Distribution","t6",0,7.50779956639812,0
"689",0.62,"Freedman-Watson U-squared Test for Benford Distribution","t7",0,16.2822842697192,0
"690",0.62,"Judge-Schechter Normed Deviation Test for Benford Distribution","t8",7.97266248064865e-07,0.0276930926671396,0
"691",0.62,"Mantissa Arc Test","t9",1.14700168567366e-109,0.0289999646191135,0
"692",0.62,"Mean Absolute Deviation","t10",NA,0.0240990828234735,0
"693",0.62,"Distortion Factor","t11",NA,1.13380307517998,1
"694",0.63,"Chi-Square Test for Benford Distribution","t1",0,556.959886257757,0
"695",0.63,"Euclidean Distance Test for Benford Distribution","t2",0,9.27677153368874,0
"696",0.63,"Joint Digits Test","t3",0,556.959886257758,0
"697",0.63,"JP-Square Correlation Statistic Test for Benford Distribution","t4",0,0.858404986268571,0
"698",0.63,"K-S Test for Benford Distribution","t5",0,7.95514295385488,0
"699",0.63,"Chebyshev Distance Test for Benford Distribution","t6",0,7.21379956639812,0
"700",0.63,"Freedman-Watson U-squared Test for Benford Distribution","t7",0,15.0341467844526,0
"701",0.63,"Judge-Schechter Normed Deviation Test for Benford Distribution","t8",2.82309768319333e-06,0.0269775945467203,0
"702",0.63,"Mantissa Arc Test","t9",5.58260051612009e-96,0.0266266623142046,0
"703",0.63,"Mean Absolute Deviation","t10",NA,0.0231366309040685,0
"704",0.63,"Distortion Factor","t11",NA,1.09247486848752,1
"705",0.64,"Chi-Square Test for Benford Distribution","t1",0,531.209044383719,0
"706",0.64,"Euclidean Distance Test for Benford Distribution","t2",0,9.03210556774639,0
"707",0.64,"Joint Digits Test","t3",0,531.20904438372,0
"708",0.64,"JP-Square Correlation Statistic Test for Benford Distribution","t4",0,0.866103772842805,0
"709",0.64,"K-S Test for Benford Distribution","t5",0,7.70334295385488,0
"710",0.64,"Chebyshev Distance Test for Benford Distribution","t6",0,6.99279956639812,0
"711",0.64,"Freedman-Watson U-squared Test for Benford Distribution","t7",0,14.2756321396978,0
"712",0.64,"Judge-Schechter Normed Deviation Test for Benford Distribution","t8",2.19781022219401e-05,0.0253455105988357,0
"713",0.64,"Mantissa Arc Test","t9",4.88664186643342e-90,0.0252798708652613,0
"714",0.64,"Mean Absolute Deviation","t10",NA,0.0225903370994257,0
"715",0.64,"Distortion Factor","t11",NA,0.964882059801418,1
"716",0.65,"Chi-Square Test for Benford Distribution","t1",0,506.412766094957,0
"717",0.65,"Euclidean Distance Test for Benford Distribution","t2",0,8.85217446137211,0
"718",0.65,"Joint Digits Test","t3",0,506.412766094958,0
"719",0.65,"JP-Square Correlation Statistic Test for Benford Distribution","t4",0,0.872839535187041,0
"720",0.65,"K-S Test for Benford Distribution","t5",0,7.54016043574352,0
"721",0.65,"Chebyshev Distance Test for Benford Distribution","t6",0,6.89239956639812,0
"722",0.65,"Freedman-Watson U-squared Test for Benford Distribution","t7",0,13.6420039946246,0
"723",0.65,"Judge-Schechter Normed Deviation Test for Benford Distribution","t8",4.77851089428594e-05,0.0252620538044983,0
"724",0.65,"Mantissa Arc Test","t9",1.41366531890749e-89,0.0241449381540789,0
"725",0.65,"Mean Absolute Deviation","t10",NA,0.0219945191129083,0
"726",0.65,"Distortion Factor","t11",NA,1.02974411665838,1
"727",0.66,"Chi-Square Test for Benford Distribution","t1",0,468.76949836903,0
"728",0.66,"Euclidean Distance Test for Benford Distribution","t2",0,8.50319093350856,0
"729",0.66,"Joint Digits Test","t3",0,468.76949836903,0
"730",0.66,"JP-Square Correlation Statistic Test for Benford Distribution","t4",0,0.884553336661614,0
"731",0.66,"K-S Test for Benford Distribution","t5",0,7.33292091463139,0
"732",0.66,"Chebyshev Distance Test for Benford Distribution","t6",0,6.60871971068833,0
"733",0.66,"Freedman-Watson U-squared Test for Benford Distribution","t7",0,12.68462078772,0
"734",0.66,"Judge-Schechter Normed Deviation Test for Benford Distribution","t8",2.77652227527625e-06,0.0249505109563232,0
"735",0.66,"Mantissa Arc Test","t9",2.6454189176984e-77,0.0225238359754753,0
"736",0.66,"Mean Absolute Deviation","t10",NA,0.0212050226959757,0
"737",0.66,"Distortion Factor","t11",NA,1.03871751263041,1
"738",0.67,"Chi-Square Test for Benford Distribution","t1",0,465.52738423747,0
"739",0.67,"Euclidean Distance Test for Benford Distribution","t2",0,8.47140412594528,0
"740",0.67,"Joint Digits Test","t3",0,465.527384237471,0
"741",0.67,"JP-Square Correlation Statistic Test for Benford Distribution","t4",0,0.884934153532035,0
"742",0.67,"K-S Test for Benford Distribution","t5",0,7.19817767800336,0
"743",0.67,"Chebyshev Distance Test for Benford Distribution","t6",0,6.58471851059832,0
"744",0.67,"Freedman-Watson U-squared Test for Benford Distribution","t7",0,12.4963584884182,0
"745",0.67,"Judge-Schechter Normed Deviation Test for Benford Distribution","t8",2.3315053267452e-05,0.0237938711811601,0
"746",0.67,"Mantissa Arc Test","t9",2.85860471809965e-85,0.0221305701940904,0
"747",0.67,"Mean Absolute Deviation","t10",NA,0.0211044630466022,0
"748",0.67,"Distortion Factor","t11",NA,0.961424943213192,1
"749",0.68,"Chi-Square Test for Benford Distribution","t1",0,419.096860313105,0
"750",0.68,"Euclidean Distance Test for Benford Distribution","t2",0,8.01814125927139,0
"751",0.68,"Joint Digits Test","t3",0,419.096860313105,0
"752",0.68,"JP-Square Correlation Statistic Test for Benford Distribution","t4",0,0.898537698329133,0
"753",0.68,"K-S Test for Benford Distribution","t5",0,6.83720152832329,0
"754",0.68,"Chebyshev Distance Test for Benford Distribution","t6",0,6.21930023922796,0
"755",0.68,"Freedman-Watson U-squared Test for Benford Distribution","t7",0,11.2715716326342,0
"756",0.68,"Judge-Schechter Normed Deviation Test for Benford Distribution","t8",4.12311299513712e-05,0.0225008810250369,0
"757",0.68,"Mantissa Arc Test","t9",4.09920769068151e-72,0.0199550859738177,0
"758",0.68,"Mean Absolute Deviation","t10",NA,0.0199975806190589,0
"759",0.68,"Distortion Factor","t11",NA,0.85887317327229,1
"760",0.69,"Chi-Square Test for Benford Distribution","t1",0,405.976986058385,0
"761",0.69,"Euclidean Distance Test for Benford Distribution","t2",0,7.98118390980919,0
"762",0.69,"Joint Digits Test","t3",0,405.976986058386,0
"763",0.69,"JP-Square Correlation Statistic Test for Benford Distribution","t4",0,0.900578944094553,0
"764",0.69,"K-S Test for Benford Distribution","t5",0,6.81854789547788,0
"765",0.69,"Chebyshev Distance Test for Benford Distribution","t6",0,6.26050229938247,0
"766",0.69,"Freedman-Watson U-squared Test for Benford Distribution","t7",0,10.9758435072008,0
"767",0.69,"Judge-Schechter Normed Deviation Test for Benford Distribution","t8",2.41658605670514e-05,0.0234585715636012,0
"768",0.69,"Mantissa Arc Test","t9",5.37929714949342e-70,0.0197001470371738,0
"769",0.69,"Mean Absolute Deviation","t10",NA,0.0196403541998781,0
"770",0.69,"Distortion Factor","t11",NA,1.06740040490027,1
"771",0.7,"Chi-Square Test for Benford Distribution","t1",0,377.434033610118,0
"772",0.7,"Euclidean Distance Test for Benford Distribution","t2",0,7.61105689850493,0
"773",0.7,"Joint Digits Test","t3",0,377.434033610119,0
"774",0.7,"JP-Square Correlation Statistic Test for Benford Distribution","t4",0,0.909817741332573,0
"775",0.7,"K-S Test for Benford Distribution","t5",0,6.51453269433779,0
"776",0.7,"Chebyshev Distance Test for Benford Distribution","t6",0,5.8838834679701,0
"777",0.7,"Freedman-Watson U-squared Test for Benford Distribution","t7",0,10.1245077534867,0
"778",0.7,"Judge-Schechter Normed Deviation Test for Benford Distribution","t8",2.88861054413658e-05,0.0213971264899824,0
"779",0.7,"Mantissa Arc Test","t9",1.48267404887918e-66,0.0180080557884207,0
"780",0.7,"Mean Absolute Deviation","t10",NA,0.019023328556434,0
"781",0.7,"Distortion Factor","t11",NA,0.825849616285907,1
"782",0.71,"Chi-Square Test for Benford Distribution","t1",0,341.546970860221,0
"783",0.71,"Euclidean Distance Test for Benford Distribution","t2",0,7.26458675526034,0
"784",0.71,"Joint Digits Test","t3",0,341.546970860222,0
"785",0.71,"JP-Square Correlation Statistic Test for Benford Distribution","t4",0,0.920091685628402,0
"786",0.71,"K-S Test for Benford Distribution","t5",0,6.27934295385488,0
"787",0.71,"Chebyshev Distance Test for Benford Distribution","t6",0,5.64019956639812,0
"788",0.71,"Freedman-Watson U-squared Test for Benford Distribution","t7",0,9.19115369363107,0
"789",0.71,"Judge-Schechter Normed Deviation Test for Benford Distribution","t8",0.000306152254470069,0.0214320344540185,0
"790",0.71,"Mantissa Arc Test","t9",2.65335647352187e-57,0.0163007026305425,0
"791",0.71,"Mean Absolute Deviation","t10",NA,0.0181496271665883,0
"792",0.71,"Distortion Factor","t11",NA,0.915401929122626,1
"793",0.72,"Chi-Square Test for Benford Distribution","t1",0,332.83519403031,0
"794",0.72,"Euclidean Distance Test for Benford Distribution","t2",0,7.20891154159151,0
"795",0.72,"Joint Digits Test","t3",0,332.835194030311,0
"796",0.72,"JP-Square Correlation Statistic Test for Benford Distribution","t4",0,0.920652773264597,0
"797",0.72,"K-S Test for Benford Distribution","t5",0,6.10501288140943,0
"798",0.72,"Chebyshev Distance Test for Benford Distribution","t6",0,5.63059956639812,0
"799",0.72,"Freedman-Watson U-squared Test for Benford Distribution","t7",0,8.92698353625368,0
"800",0.72,"Judge-Schechter Normed Deviation Test for Benford Distribution","t8",0.000523939668290772,0.0202355805834732,0
"801",0.72,"Mantissa Arc Test","t9",3.18701362809602e-56,0.0159545881853245,0
"802",0.72,"Mean Absolute Deviation","t10",NA,0.0177665282852017,0
"803",0.72,"Distortion Factor","t11",NA,0.848814888314804,1
"804",0.73,"Chi-Square Test for Benford Distribution","t1",0,314.477688862731,0
"805",0.73,"Euclidean Distance Test for Benford Distribution","t2",0,6.92466100338421,0
"806",0.73,"Joint Digits Test","t3",0,314.477688862731,0
"807",0.73,"JP-Square Correlation Statistic Test for Benford Distribution","t4",0,0.927435363734666,0
"808",0.73,"K-S Test for Benford Distribution","t5",0,5.90039539952079,0
"809",0.73,"Chebyshev Distance Test for Benford Distribution","t6",0,5.35979956639812,0
"810",0.73,"Freedman-Watson U-squared Test for Benford Distribution","t7",0,8.42749053899141,0
"811",0.73,"Judge-Schechter Normed Deviation Test for Benford Distribution","t8",0.00472646430832068,0.0193686371595363,0
"812",0.73,"Mantissa Arc Test","t9",5.28660113704096e-51,0.0149553899307815,0
"813",0.73,"Mean Absolute Deviation","t10",NA,0.0172924819615997,0
"814",0.73,"Distortion Factor","t11",NA,0.814228441301642,1
"815",0.74,"Chi-Square Test for Benford Distribution","t1",0,284.087718507146,0
"816",0.74,"Euclidean Distance Test for Benford Distribution","t2",0,6.61990774791894,0
"817",0.74,"Joint Digits Test","t3",0,284.087718507147,0
"818",0.74,"JP-Square Correlation Statistic Test for Benford Distribution","t4",0,0.935232614232104,0
"819",0.74,"K-S Test for Benford Distribution","t5",0,5.67217791763216,0
"820",0.74,"Chebyshev Distance Test for Benford Distribution","t6",0,5.14959956639812,0
"821",0.74,"Freedman-Watson U-squared Test for Benford Distribution","t7",0,7.62597121789438,0
"822",0.74,"Judge-Schechter Normed Deviation Test for Benford Distribution","t8",0.000885484039155897,0.0192046013913558,0
"823",0.74,"Mantissa Arc Test","t9",1.51982474194806e-49,0.0134779317683891,0
"824",0.74,"Mean Absolute Deviation","t10",NA,0.0165315900152797,0
"825",0.74,"Distortion Factor","t11",NA,0.836854788169927,1
"826",0.75,"Chi-Square Test for Benford Distribution","t1",0,261.939154892935,0
"827",0.75,"Euclidean Distance Test for Benford Distribution","t2",0,6.30834599513142,0
"828",0.75,"Joint Digits Test","t3",0,261.939154892935,0
"829",0.75,"JP-Square Correlation Statistic Test for Benford Distribution","t4",0,0.941656227391586,0
"830",0.75,"K-S Test for Benford Distribution","t5",0,5.38483036329807,0
"831",0.75,"Chebyshev Distance Test for Benford Distribution","t6",0,4.88579956639812,0
"832",0.75,"Freedman-Watson U-squared Test for Benford Distribution","t7",0,6.99629173094311,0
"833",0.75,"Judge-Schechter Normed Deviation Test for Benford Distribution","t8",0.00178221271961025,0.0181070726003053,0
"834",0.75,"Mantissa Arc Test","t9",7.30556971988812e-41,0.0122848655817572,0
"835",0.75,"Mean Absolute Deviation","t10",NA,0.0157979645746365,0
"836",0.75,"Distortion Factor","t11",NA,0.742385701659409,1
"837",0.76,"Chi-Square Test for Benford Distribution","t1",0,247.723676512563,0
"838",0.76,"Euclidean Distance Test for Benford Distribution","t2",0,6.14160020599701,0
"839",0.76,"Joint Digits Test","t3",0,247.723676512563,0
"840",0.76,"JP-Square Correlation Statistic Test for Benford Distribution","t4",0,0.944737981122792,0
"841",0.76,"K-S Test for Benford Distribution","t5",0,5.24823036329807,0
"842",0.76,"Chebyshev Distance Test for Benford Distribution","t6",0,4.72739956639812,0
"843",0.76,"Freedman-Watson U-squared Test for Benford Distribution","t7",0,6.57963576475832,0
"844",0.76,"Judge-Schechter Normed Deviation Test for Benford Distribution","t8",0.00530311434751902,0.0172127898816717,0
"845",0.76,"Mantissa Arc Test","t9",1.76718799845226e-42,0.0116374596207817,0
"846",0.76,"Mean Absolute Deviation","t10",NA,0.0153979287834262,0
"847",0.76,"Distortion Factor","t11",NA,0.671069518384822,1
"848",0.77,"Chi-Square Test for Benford Distribution","t1",0,221.420989333332,0
"849",0.77,"Euclidean Distance Test for Benford Distribution","t2",0,5.81531324034463,0
"850",0.77,"Joint Digits Test","t3",0,221.420989333333,0
"851",0.77,"JP-Square Correlation Statistic Test for Benford Distribution","t4",0,0.95187260724506,0
"852",0.77,"K-S Test for Benford Distribution","t5",0,5.00201288140943,0
"853",0.77,"Chebyshev Distance Test for Benford Distribution","t6",0,4.49859956639812,0
"854",0.77,"Freedman-Watson U-squared Test for Benford Distribution","t7",0,5.90329355005897,0
"855",0.77,"Judge-Schechter Normed Deviation Test for Benford Distribution","t8",0.00487843576979217,0.0171358081834466,0
"856",0.77,"Mantissa Arc Test","t9",2.8251028386167e-36,0.0104082884048181,0
"857",0.77,"Mean Absolute Deviation","t10",NA,0.0145671158944873,0
"858",0.77,"Distortion Factor","t11",NA,0.707924103161822,1
"859",0.78,"Chi-Square Test for Benford Distribution","t1",0,206.016510263579,0
"860",0.78,"Euclidean Distance Test for Benford Distribution","t2",0,5.59544280482273,0
"861",0.78,"Joint Digits Test","t3",0,206.016510263579,0
"862",0.78,"JP-Square Correlation Statistic Test for Benford Distribution","t4",0,0.955318576755436,0
"863",0.78,"K-S Test for Benford Distribution","t5",0,4.7437603543499,0
"864",0.78,"Chebyshev Distance Test for Benford Distribution","t6",0,4.32740564213311,0
"865",0.78,"Freedman-Watson U-squared Test for Benford Distribution","t7",0,5.4569803640645,0
"866",0.78,"Judge-Schechter Normed Deviation Test for Benford Distribution","t8",0.0141129508662599,0.015700270863324,0
"867",0.78,"Mantissa Arc Test","t9",8.34011957366354e-32,0.00962288943257673,0
"868",0.78,"Mean Absolute Deviation","t10",NA,0.0139460054631038,0
"869",0.78,"Distortion Factor","t11",NA,0.582301763073874,1
"870",0.79,"Chi-Square Test for Benford Distribution","t1",0,187.571724828631,0
"871",0.79,"Euclidean Distance Test for Benford Distribution","t2",0,5.39280538271273,0
"872",0.79,"Joint Digits Test","t3",0,187.571724828632,0
"873",0.79,"JP-Square Correlation Statistic Test for Benford Distribution","t4",0,0.959573718100815,0
"874",0.79,"K-S Test for Benford Distribution","t5",0,4.62015417388636,0
"875",0.79,"Chebyshev Distance Test for Benford Distribution","t6",0,4.21279991170333,0
"876",0.79,"Freedman-Watson U-squared Test for Benford Distribution","t7",0,5.01403535828336,0
"877",0.79,"Judge-Schechter Normed Deviation Test for Benford Distribution","t8",0.0067964578481064,0.0160197408852042,0
"878",0.79,"Mantissa Arc Test","t9",7.33461745653834e-31,0.00894954074830241,0
"879",0.79,"Mean Absolute Deviation","t10",NA,0.0133959129278549,0
"880",0.79,"Distortion Factor","t11",NA,0.733614031589217,1
"881",0.8,"Chi-Square Test for Benford Distribution","t1",0,164.528679181339,0
"882",0.8,"Euclidean Distance Test for Benford Distribution","t2",0,5.01341794964176,0
"883",0.8,"Joint Digits Test","t3",0,164.528679181339,0
"884",0.8,"JP-Square Correlation Statistic Test for Benford Distribution","t4",0,0.964902571963388,0
"885",0.8,"K-S Test for Benford Distribution","t5",0,4.25669410084971,0
"886",0.8,"Chebyshev Distance Test for Benford Distribution","t6",0,3.87238289042672,0
"887",0.8,"Freedman-Watson U-squared Test for Benford Distribution","t7",0,4.33856924097596,0
"888",0.8,"Judge-Schechter Normed Deviation Test for Benford Distribution","t8",0.0218011846708829,0.0137845300226574,0
"889",0.8,"Mantissa Arc Test","t9",5.54568392528401e-26,0.0077405333317087,0
"890",0.8,"Mean Absolute Deviation","t10",NA,0.012518742651053,0
"891",0.8,"Distortion Factor","t11",NA,0.462724889369992,1
"892",0.81,"Chi-Square Test for Benford Distribution","t1",0,151.016904125945,0
"893",0.81,"Euclidean Distance Test for Benford Distribution","t2",0,4.76989421205236,0
"894",0.81,"Joint Digits Test","t3",0,151.016904125946,0
"895",0.81,"JP-Square Correlation Statistic Test for Benford Distribution","t4",0,0.968290171741515,0
"896",0.81,"K-S Test for Benford Distribution","t5",0,4.03128283000439,0
"897",0.81,"Chebyshev Distance Test for Benford Distribution","t6",0,3.65037178959415,0
"898",0.81,"Freedman-Watson U-squared Test for Benford Distribution","t7",0,3.91474499275424,0
"899",0.81,"Judge-Schechter Normed Deviation Test for Benford Distribution","t8",0.0262610083235829,0.0130578076755876,0
"900",0.81,"Mantissa Arc Test","t9",4.89489934354127e-22,0.00697649326701213,0
"901",0.81,"Mean Absolute Deviation","t10",NA,0.0118552563935259,0
"902",0.81,"Distortion Factor","t11",NA,0.473030711819483,1
"903",0.82,"Chi-Square Test for Benford Distribution","t1",0,139.634567648437,0
"904",0.82,"Euclidean Distance Test for Benford Distribution","t2",0,4.57276481094667,0
"905",0.82,"Joint Digits Test","t3",0,139.634567648437,0
"906",0.82,"JP-Square Correlation Statistic Test for Benford Distribution","t4",0,0.971109006794267,0
"907",0.82,"K-S Test for Benford Distribution","t5",0,3.86782195661593,0
"908",0.82,"Chebyshev Distance Test for Benford Distribution","t6",0,3.48416347897085,0
"909",0.82,"Freedman-Watson U-squared Test for Benford Distribution","t7",0,3.64072137716672,0
"910",0.82,"Judge-Schechter Normed Deviation Test for Benford Distribution","t8",0.0835557196293229,0.0119946556463874,1
"911",0.82,"Mantissa Arc Test","t9",2.61063152109473e-21,0.00652990370424273,0
"912",0.82,"Mean Absolute Deviation","t10",NA,0.0115095251140056,0
"913",0.82,"Distortion Factor","t11",NA,0.383291794565671,1
"914",0.83,"Chi-Square Test for Benford Distribution","t1",6.61692922676593e-16,123.221206327321,0
"915",0.83,"Euclidean Distance Test for Benford Distribution","t2",0,4.26771324236875,0
"916",0.83,"Joint Digits Test","t3",6.61692922676593e-16,123.221206327321,0
"917",0.83,"JP-Square Correlation Statistic Test for Benford Distribution","t4",0,0.97511933506411,0
"918",0.83,"K-S Test for Benford Distribution","t5",0,3.60781975674272,0
"919",0.83,"Chebyshev Distance Test for Benford Distribution","t6",0,3.23535103803777,0
"920",0.83,"Freedman-Watson U-squared Test for Benford Distribution","t7",0,3.17958389121972,0
"921",0.83,"Judge-Schechter Normed Deviation Test for Benford Distribution","t8",0.0478404281929793,0.0114262800300621,0
"922",0.83,"Mantissa Arc Test","t9",3.36630313215113e-16,0.00554788052595688,0
"923",0.83,"Mean Absolute Deviation","t10",NA,0.0107817716511161,0
"924",0.83,"Distortion Factor","t11",NA,0.342995184631919,1
"925",0.84,"Chi-Square Test for Benford Distribution","t1",2.76441092239565e-13,111.943646202522,0
"926",0.84,"Euclidean Distance Test for Benford Distribution","t2",0,4.07569172612419,0
"927",0.84,"Joint Digits Test","t3",2.76441092239565e-13,111.943646202522,0
"928",0.84,"JP-Square Correlation Statistic Test for Benford Distribution","t4",0,0.977651541821352,0
"929",0.84,"K-S Test for Benford Distribution","t5",0,3.46413525462989,0
"930",0.84,"Chebyshev Distance Test for Benford Distribution","t6",0,3.08379956639812,0
"931",0.84,"Freedman-Watson U-squared Test for Benford Distribution","t7",0,2.87608810362057,0
"932",0.84,"Judge-Schechter Normed Deviation Test for Benford Distribution","t8",0.057001659412934,0.0113693753677999,1
"933",0.84,"Mantissa Arc Test","t9",9.07003628490033e-17,0.00504362317884438,0
"934",0.84,"Mean Absolute Deviation","t10",NA,0.0101703412925718,0
"935",0.84,"Distortion Factor","t11",NA,0.460790682490413,1
"936",0.85,"Chi-Square Test for Benford Distribution","t1",3.42614825399323e-13,102.953809594087,0
"937",0.85,"Euclidean Distance Test for Benford Distribution","t2",0,3.92655546142843,0
"938",0.85,"Joint Digits Test","t3",3.42614825399323e-13,102.953809594087,0
"939",0.85,"JP-Square Correlation Statistic Test for Benford Distribution","t4",0,0.979204758246151,0
"940",0.85,"K-S Test for Benford Distribution","t5",3.99999999999956e-06,3.29305762785036,0
"941",0.85,"Chebyshev Distance Test for Benford Distribution","t6",2.59999999999994e-05,3.00839956639812,0
"942",0.85,"Freedman-Watson U-squared Test for Benford Distribution","t7",0,2.63477040145361,0
"943",0.85,"Judge-Schechter Normed Deviation Test for Benford Distribution","t8",0.0932220315169931,0.0105369657897958,1
"944",0.85,"Mantissa Arc Test","t9",7.25698976829945e-12,0.00460004507293077,0
"945",0.85,"Mean Absolute Deviation","t10",NA,0.00974706073493725,0
"946",0.85,"Distortion Factor","t11",NA,0.404638416776637,1
"947",0.86,"Chi-Square Test for Benford Distribution","t1",1.16254645909919e-10,85.2070833440154,0
"948",0.86,"Euclidean Distance Test for Benford Distribution","t2",0,3.51817546697845,0
"949",0.86,"Joint Digits Test","t3",1.16254645909919e-10,85.2070833440155,0
"950",0.86,"JP-Square Correlation Statistic Test for Benford Distribution","t4",0,0.983279204075066,0
"951",0.86,"K-S Test for Benford Distribution","t5",5.99999999999934e-06,2.96744784518671,0
"952",0.86,"Chebyshev Distance Test for Benford Distribution","t6",7.99999999999912e-06,2.62599956639812,0
"953",0.86,"Freedman-Watson U-squared Test for Benford Distribution","t7",0,2.16017149213061,0
"954",0.86,"Judge-Schechter Normed Deviation Test for Benford Distribution","t8",0.148119238220856,0.00878463907057035,1
"955",0.86,"Mantissa Arc Test","t9",3.53731108336298e-13,0.00386042070309892,0
"956",0.86,"Mean Absolute Deviation","t10",NA,0.00893664155332778,0
"957",0.86,"Distortion Factor","t11",NA,0.225814941621652,1
"958",0.87,"Chi-Square Test for Benford Distribution","t1",6.88912309478873e-07,75.9969922846214,0
"959",0.87,"Euclidean Distance Test for Benford Distribution","t2",0,3.38885509814863,0
"960",0.87,"Joint Digits Test","t3",6.88912309478873e-07,75.9969922846215,0
"961",0.87,"JP-Square Correlation Statistic Test for Benford Distribution","t4",1e-05,0.985100631750115,0
"962",0.87,"K-S Test for Benford Distribution","t5",2.80000000000014e-05,2.90038770029581,0
"963",0.87,"Chebyshev Distance Test for Benford Distribution","t6",4.39999999999974e-05,2.61359956639812,0
"964",0.87,"Freedman-Watson U-squared Test for Benford Distribution","t7",0,1.95331043590434,0
"965",0.87,"Judge-Schechter Normed Deviation Test for Benford Distribution","t8",0.0834223385980847,0.0098826213548824,1
"966",0.87,"Mantissa Arc Test","t9",1.26653919849453e-08,0.00347113788695582,0
"967",0.87,"Mean Absolute Deviation","t10",NA,0.00838354630748559,0
"968",0.87,"Distortion Factor","t11",NA,0.408195196297648,1
"969",0.88,"Chi-Square Test for Benford Distribution","t1",2.24413689342562e-08,68.7854101872695,0
"970",0.88,"Euclidean Distance Test for Benford Distribution","t2",1.99999999999978e-06,3.18365064825425,0
"971",0.88,"Joint Digits Test","t3",2.24413689342562e-08,68.7854101872696,0
"972",0.88,"JP-Square Correlation Statistic Test for Benford Distribution","t4",4e-06,0.986711667873087,0
"973",0.88,"K-S Test for Benford Distribution","t5",0.000167999999999999,2.72393525462989,0
"974",0.88,"Chebyshev Distance Test for Benford Distribution","t6",0.00022,2.38919956639812,0
"975",0.88,"Freedman-Watson U-squared Test for Benford Distribution","t7",0,1.72344300598538,0
"976",0.88,"Judge-Schechter Normed Deviation Test for Benford Distribution","t8",0.138005978942072,0.00884497953525283,1
"977",0.88,"Mantissa Arc Test","t9",8.53822052147983e-09,0.00305687753775327,0
"978",0.88,"Mean Absolute Deviation","t10",NA,0.00798483288362639,0
"979",0.88,"Distortion Factor","t11",NA,0.392047980171793,1
"980",0.89,"Chi-Square Test for Benford Distribution","t1",3.83541900831497e-05,53.9714034159572,0
"981",0.89,"Euclidean Distance Test for Benford Distribution","t2",2.39999999999974e-05,2.83770049048787,0
"982",0.89,"Joint Digits Test","t3",3.83541900831497e-05,53.9714034159572,0
"983",0.89,"JP-Square Correlation Statistic Test for Benford Distribution","t4",7.4e-05,0.989823905466425,0
"984",0.89,"K-S Test for Benford Distribution","t5",0.000291999999999997,2.46646808801342,0
"985",0.89,"Chebyshev Distance Test for Benford Distribution","t6",0.001172,2.12199082703924,0
"986",0.89,"Freedman-Watson U-squared Test for Benford Distribution","t7",0,1.35099364126243,0
"987",0.89,"Judge-Schechter Normed Deviation Test for Benford Distribution","t8",0.178739573855936,0.00836351148184851,1
"988",0.89,"Mantissa Arc Test","t9",1.25231369111263e-06,0.00235759042508792,0
"989",0.89,"Mean Absolute Deviation","t10",NA,0.00715148277417549,0
"990",0.89,"Distortion Factor","t11",NA,0.375159705992838,1
"991",0.9,"Chi-Square Test for Benford Distribution","t1",0.000357687696116402,45.7566989565252,0
"992",0.9,"Euclidean Distance Test for Benford Distribution","t2",7.39999999999963e-05,2.57328842716596,0
"993",0.9,"Joint Digits Test","t3",0.000357687696116404,45.7566989565252,0
"994",0.9,"JP-Square Correlation Statistic Test for Benford Distribution","t4",0.000762,0.991393445271302,0
"995",0.9,"K-S Test for Benford Distribution","t5",0.00055199999999999,2.14879425915866,0
"996",0.9,"Chebyshev Distance Test for Benford Distribution","t6",0.000669999999999995,1.93683383975652,0
"997",0.9,"Freedman-Watson U-squared Test for Benford Distribution","t7",7.99999999999912e-06,1.09327269160709,0
"998",0.9,"Judge-Schechter Normed Deviation Test for Benford Distribution","t8",0.240066988502443,0.0070139369023212,1
"999",0.9,"Mantissa Arc Test","t9",9.81980124120293e-06,0.0019443762590896,0
"1000",0.9,"Mean Absolute Deviation","t10",NA,0.00651608395460692,0
"1001",0.9,"Distortion Factor","t11",NA,0.188802503926449,1
"1002",0.91,"Chi-Square Test for Benford Distribution","t1",0.000326788263286086,41.004197463022,0
"1003",0.91,"Euclidean Distance Test for Benford Distribution","t2",0.000351999999999992,2.36841881953783,0
"1004",0.91,"Joint Digits Test","t3",0.000326788263286082,41.0041974630221,0
"1005",0.91,"JP-Square Correlation Statistic Test for Benford Distribution","t4",0.001538,0.992652277464924,0
"1006",0.91,"K-S Test for Benford Distribution","t5",0.001276,1.99743383515266,0
"1007",0.91,"Chebyshev Distance Test for Benford Distribution","t6",0.00528,1.69992782378282,0
"1008",0.91,"Freedman-Watson U-squared Test for Benford Distribution","t7",9.9999999999989e-06,0.964017179748976,0
"1009",0.91,"Judge-Schechter Normed Deviation Test for Benford Distribution","t8",0.287769798805726,0.00614618724829529,1
"1010",0.91,"Mantissa Arc Test","t9",2.22820406714936e-05,0.00164960524080168,0
"1011",0.91,"Mean Absolute Deviation","t10",NA,0.00610814236634773,0
"1012",0.91,"Distortion Factor","t11",NA,0.164827690638124,1
"1013",0.92,"Chi-Square Test for Benford Distribution","t1",0.00256180152085827,33.7656404546088,0
"1014",0.92,"Euclidean Distance Test for Benford Distribution","t2",0.00185799999999999,2.17320406090898,0
"1015",0.92,"Joint Digits Test","t3",0.00256180152085828,33.7656404546088,0
"1016",0.92,"JP-Square Correlation Statistic Test for Benford Distribution","t4",0.00549,0.993961400621306,0
"1017",0.92,"K-S Test for Benford Distribution","t5",0.006196,1.81161654886098,0
"1018",0.92,"Chebyshev Distance Test for Benford Distribution","t6",0.00992199999999999,1.61957543284742,0
"1019",0.92,"Freedman-Watson U-squared Test for Benford Distribution","t7",0.000109999999999997,0.778193706556296,0
"1020",0.92,"Judge-Schechter Normed Deviation Test for Benford Distribution","t8",0.269393552813211,0.00634292712970814,1
"1021",0.92,"Mantissa Arc Test","t9",0.000168947840577823,0.00134425256407606,0
"1022",0.92,"Mean Absolute Deviation","t10",NA,0.00544261824601014,0
"1023",0.92,"Distortion Factor","t11",NA,0.217948845747334,1
"1024",0.93,"Chi-Square Test for Benford Distribution","t1",0.0176600719926037,28.5137833862589,0
"1025",0.93,"Euclidean Distance Test for Benford Distribution","t2",0.01467,1.92828858455519,0
"1026",0.93,"Joint Digits Test","t3",0.0176600719926037,28.513783386259,0
"1027",0.93,"JP-Square Correlation Statistic Test for Benford Distribution","t4",0.023382,0.994994551423492,0
"1028",0.93,"K-S Test for Benford Distribution","t5",0.030804,1.61553037832921,0
"1029",0.93,"Chebyshev Distance Test for Benford Distribution","t6",0.035442,1.37025735167963,0
"1030",0.93,"Freedman-Watson U-squared Test for Benford Distribution","t7",0.001634,0.650874532703486,0
"1031",0.93,"Judge-Schechter Normed Deviation Test for Benford Distribution","t8",0.382027384367844,0.0050068204688025,1
"1032",0.93,"Mantissa Arc Test","t9",0.00238773574525434,0.00109769520730023,0
"1033",0.93,"Mean Absolute Deviation","t10",NA,0.00498890424813628,0
"1034",0.93,"Distortion Factor","t11",NA,0.124897219169569,1
"1035",0.94,"Chi-Square Test for Benford Distribution","t1",0.0599778835381058,21.5622638615027,1
"1036",0.94,"Euclidean Distance Test for Benford Distribution","t2",0.028778,1.71557174331029,0
"1037",0.94,"Joint Digits Test","t3",0.0599778835381058,21.5622638615028,1
"1038",0.94,"JP-Square Correlation Statistic Test for Benford Distribution","t4",0.062292,0.996125248344196,1
"1039",0.94,"K-S Test for Benford Distribution","t5",0.048524,1.45471644879245,0
"1040",0.94,"Chebyshev Distance Test for Benford Distribution","t6",0.037474,1.25914811316728,0
"1041",0.94,"Freedman-Watson U-squared Test for Benford Distribution","t7",0.01288,0.451735481810157,0
"1042",0.94,"Judge-Schechter Normed Deviation Test for Benford Distribution","t8",0.338590846054287,0.00529092777019069,1
"1043",0.94,"Mantissa Arc Test","t9",0.0187966085445247,0.000771980029689529,0
"1044",0.94,"Mean Absolute Deviation","t10",NA,0.00429276429592206,0
"1045",0.94,"Distortion Factor","t11",NA,0.210644118635452,1
"1046",0.95,"Chi-Square Test for Benford Distribution","t1",0.095794547263761,17.5276626784668,1
"1047",0.95,"Euclidean Distance Test for Benford Distribution","t2",0.08389,1.44445696998563,1
"1048",0.95,"Joint Digits Test","t3",0.095794547263761,17.5276626784668,1
"1049",0.95,"JP-Square Correlation Statistic Test for Benford Distribution","t4",0.101926,0.997040269410477,1
"1050",0.95,"K-S Test for Benford Distribution","t5",0.110026,1.19251550900413,1
"1051",0.95,"Chebyshev Distance Test for Benford Distribution","t6",0.141402,0.963965096677826,1
"1052",0.95,"Freedman-Watson U-squared Test for Benford Distribution","t7",0.030516,0.316114485234419,0
"1053",0.95,"Judge-Schechter Normed Deviation Test for Benford Distribution","t8",0.46765008549027,0.00419406386215702,1
"1054",0.95,"Mantissa Arc Test","t9",0.0286243840072206,0.000537903418846285,0
"1055",0.95,"Mean Absolute Deviation","t10",NA,0.00381455587043445,0
"1056",0.95,"Distortion Factor","t11",NA,0.0856507336077323,1
"1057",0.96,"Chi-Square Test for Benford Distribution","t1",0.184057425592694,14.2158789920997,1
"1058",0.96,"Euclidean Distance Test for Benford Distribution","t2",0.199218,1.22593671251202,1
"1059",0.96,"Joint Digits Test","t3",0.184057425592694,14.2158789920997,1
"1060",0.96,"JP-Square Correlation Statistic Test for Benford Distribution","t4",0.196048,0.997663974934428,1
"1061",0.96,"K-S Test for Benford Distribution","t5",0.212718,0.993998900366462,1
"1062",0.96,"Chebyshev Distance Test for Benford Distribution","t6",0.24374,0.805748462456424,1
"1063",0.96,"Freedman-Watson U-squared Test for Benford Distribution","t7",0.12084,0.230392886899048,1
"1064",0.96,"Judge-Schechter Normed Deviation Test for Benford Distribution","t8",0.53439264926957,0.00341969463864147,1
"1065",0.96,"Mantissa Arc Test","t9",0.125118942545696,0.000373896531820008,1
"1066",0.96,"Mean Absolute Deviation","t10",NA,0.00326526138604569,0
"1067",0.96,"Distortion Factor","t11",NA,-0.100190921036884,1
"1068",0.97,"Chi-Square Test for Benford Distribution","t1",0.304904910167292,11.6041848869904,1
"1069",0.97,"Euclidean Distance Test for Benford Distribution","t2",0.248814,1.15908925115478,1
"1070",0.97,"Joint Digits Test","t3",0.304904910167293,11.6041848869904,1
"1071",0.97,"JP-Square Correlation Statistic Test for Benford Distribution","t4",0.273982,0.997944873887744,1
"1072",0.97,"K-S Test for Benford Distribution","t5",0.24199,0.930152810393956,1
"1073",0.97,"Chebyshev Distance Test for Benford Distribution","t6",0.257336,0.808339902073847,1
"1074",0.97,"Freedman-Watson U-squared Test for Benford Distribution","t7",0.184738,0.177033218640101,1
"1075",0.97,"Judge-Schechter Normed Deviation Test for Benford Distribution","t8",0.487481133636293,0.00369363484457061,1
"1076",0.97,"Mantissa Arc Test","t9",0.187313669308851,0.000281372653133249,1
"1077",0.97,"Mean Absolute Deviation","t10",NA,0.00303683805452867,0
"1078",0.97,"Distortion Factor","t11",NA,0.112510945194182,1
"1079",0.98,"Chi-Square Test for Benford Distribution","t1",0.43026897222427,9.83139401121881,1
"1080",0.98,"Euclidean Distance Test for Benford Distribution","t2",0.411118,0.996818121145103,1
"1081",0.98,"Joint Digits Test","t3",0.43026897222427,9.83139401121882,1
"1082",0.98,"JP-Square Correlation Statistic Test for Benford Distribution","t4",0.415374,0.998365646045203,1
"1083",0.98,"K-S Test for Benford Distribution","t5",0.409916,0.753780836948842,1
"1084",0.98,"Chebyshev Distance Test for Benford Distribution","t6",0.433654,0.65967609737259,1
"1085",0.98,"Freedman-Watson U-squared Test for Benford Distribution","t7",0.393206,0.116264787201395,1
"1086",0.98,"Judge-Schechter Normed Deviation Test for Benford Distribution","t8",0.438385265798826,0.00385835939739963,1
"1087",0.98,"Mantissa Arc Test","t9",0.432932134523579,0.000157531721988137,1
"1088",0.98,"Mean Absolute Deviation","t10",NA,0.00264072480292043,0
"1089",0.98,"Distortion Factor","t11",NA,-0.0590433708269471,1
"1090",0.99,"Chi-Square Test for Benford Distribution","t1",0.442237872716716,8.76233096688751,1
"1091",0.99,"Euclidean Distance Test for Benford Distribution","t2",0.460814,0.918949024240907,1
"1092",0.99,"Joint Digits Test","t3",0.442237872716716,8.76233096688751,1
"1093",0.99,"JP-Square Correlation Statistic Test for Benford Distribution","t4",0.469012,0.998746759799793,1
"1094",0.99,"K-S Test for Benford Distribution","t5",0.470326,0.709230390208746,1
"1095",0.99,"Chebyshev Distance Test for Benford Distribution","t6",0.457138,0.613946506890794,1
"1096",0.99,"Freedman-Watson U-squared Test for Benford Distribution","t7",0.468746,0.0854747725661735,1
"1097",0.99,"Judge-Schechter Normed Deviation Test for Benford Distribution","t8",0.479922593230404,0.00393301053409183,1
"1098",0.99,"Mantissa Arc Test","t9",0.479597416706087,0.000119922554252951,1
"1099",0.99,"Mean Absolute Deviation","t10",NA,0.00243997850073682,0
"1100",0.99,"Distortion Factor","t11",NA,0.198724823443306,1
"1101",1,"Chi-Square Test for Benford Distribution","t1",0.507128243401273,7.82521714070757,1
"1102",1,"Euclidean Distance Test for Benford Distribution","t2",0.492504,0.877439654340163,1
"1103",1,"Joint Digits Test","t3",0.507128243401272,7.82521714070758,1
"1104",1,"JP-Square Correlation Statistic Test for Benford Distribution","t4",0.518224,0.998855841601479,1
"1105",1,"K-S Test for Benford Distribution","t5",0.474652,0.661196080028514,1
"1106",1,"Chebyshev Distance Test for Benford Distribution","t6",0.49944,0.566859335923556,1
"1107",1,"Freedman-Watson U-squared Test for Benford Distribution","t7",0.491386,0.0690412732432517,1
"1108",1,"Judge-Schechter Normed Deviation Test for Benford Distribution","t8",0.484833195789328,0.00357154742970797,1
"1109",1,"Mantissa Arc Test","t9",0.528024867182417,8.37917898574224e-05,1
"1110",1,"Mean Absolute Deviation","t10",NA,0.00236554337801406,0
"1111",1,"Distortion Factor","t11",NA,-0.0169690641492157,1
